PRAGMA foreign_keys=OFF;
BEGIN TRANSACTION;
CREATE TABLE kategorioj (kategorio TEXT PRIMARY KEY, "nomo-he" TEXT, "nomo-eo" TEXT);
INSERT INTO kategorioj VALUES('he','שירים עבריים','Hebrealingvaj kantoj');
INSERT INTO kategorioj VALUES('antikva','מוזיקה מוקדמת','Antikva muziko');
INSERT INTO kategorioj VALUES('popola','מוזיקה עממית לא עברית','Nehebrealingva popola muziko');
INSERT INTO kategorioj VALUES('filmoj','מוזיקה מסרטים','Muziko de filmoj');
INSERT INTO kategorioj VALUES('ludoj','מוזיקה ממשחקי־מחשב','Muziko de komputilaj ludoj');
INSERT INTO kategorioj VALUES('klasika','מוזיקה קלאסית','Klasika muziko');
INSERT INTO kategorioj VALUES('⚙','⚙','⚙');
INSERT INTO kategorioj VALUES('naskiĝtago','שירי יום־הולדת','Kantoj por naskiĝtagoj');
INSERT INTO kategorioj VALUES('albumoj','שירים מאלבומים לילדים','Kantoj de muzikalbumoj por infanoj');
INSERT INTO kategorioj VALUES('misc','שונות','Diversaĵoj');
INSERT INTO kategorioj VALUES('popolahe','שירים שעוברתו','Hebrealingvigitaj kantoj');
CREATE TABLE etikedoj (etikedo TEXT PRIMARY KEY, "nomo-he" TEXT, "nomo-eo" TEXT);
INSERT INTO etikedoj VALUES('naskiĝtago','שירי יום־הולדת','Kantoj por naskiĝtagoj');
INSERT INTO etikedoj VALUES('lulkanto','שירי ערש','Lulkantoj');
CREATE TABLE muzikaĵoj (dosiernomo TEXT PRIMARY KEY ASC, ikono TEXT, "ikono-ttt" TEXT, "titolo-he" TEXT, "titolo-eo" TEXT, "titolo-xx" TEXT, "komponisto-he" TEXT, "komponisto-eo" TEXT, "komponisto-xx" TEXT, "komponisto-he-ttt" TEXT, "komponisto-eo-ttt" TEXT, "poeto-he" TEXT, "poeto-eo" TEXT, "poeto-xx" TEXT, "poeto-he-ttt" TEXT, "poeto-eo-ttt" TEXT, kategorio TEXT, etikedoj TEXT, "partituro-he" TEXT, "partituro-eo" TEXT, "partituro-talmid" TEXT, "ttt-he" TEXT, "ttt-eo" TEXT, zemereshet TEXT, "sono-he" TEXT, "sono-eo" TEXT, "noto-he" TEXT, "noto-eo" TEXT, u1 TEXT, u2 TEXT, mk TEXT, mv TEXT, wh TEXT, "u1-rango" TEXT, "mk-oc" INTEGER, "wh-key" TEXT, "wh-halfholes" TEXT, "wh-highest" TEXT, ⚙ TEXT);
INSERT INTO "muzikaĵoj" VALUES('makhela','🎤',NULL,'מקהלה עליזה','La ĝoja ĥoro',NULL,'נורית הירש','Nurit Hirŝ',NULL,'https://he.wikipedia.org/wiki/%D7%A0%D7%95%D7%A8%D7%99%D7%AA_%D7%94%D7%99%D7%A8%D7%A9',NULL,'לאה נאור','Lea Naor',NULL,'https://he.wikipedia.org/wiki/%D7%9C%D7%90%D7%94_%D7%A0%D7%90%D7%95%D7%A8',NULL,'he',NULL,NULL,NULL,'1:264',NULL,NULL,NULL,'[ביצוע של חוה אלברשטיין](https://youtu.be/SQSmrBrUNTk); [ביצוע של חיים טופו](https://youtu.be/SEVJpbnf3wA) בתרגום לאנגלית.','[Ĥava Alberŝtejn](https://youtu.be/SQSmrBrUNTk); [Ĥajim Topol](https://youtu.be/SEVJpbnf3wA) en anglalingva traduko.',NULL,NULL,'vv',NULL,'vv',NULL,'vv','1',6,'d','+','g',NULL);
INSERT INTO "muzikaĵoj" VALUES('ruti','🍇',NULL,'זרעים של מסטיק: הכל קרה בגלל רותי','Semoj de maĉgumo: Ĉio fariĝis pro Ruti',NULL,'נחום נחצ׳ה היימן','Naĥum Naĥĉe Hejman',NULL,'https://he.wikipedia.org/wiki/%D7%A0%D7%97%D7%95%D7%9D_%D7%94%D7%99%D7%99%D7%9E%D7%9F',NULL,'לאה נאור','Lea Naor',NULL,'https://he.wikipedia.org/wiki/%D7%9C%D7%90%D7%94_%D7%A0%D7%90%D7%95%D7%A8',NULL,'albumoj',NULL,'תווים ואקורדים התפרסמו בספר „זרעים של מסטיק: פזמונות ומנגינות” (מילים: לאה נאור; לחנים: נחום היימן) בהוצאת „ספרית פועלים”, תל־אביב 1978.',NULL,NULL,NULL,NULL,NULL,'[קליפ מתוך „שירים ונפלאות”.](https://youtu.be/4kpmqVyAf9k).','[Filmeto](https://youtu.be/4kpmqVyAf9k).',NULL,NULL,'vv',NULL,'vv',NULL,'vv','1',6,'g',NULL,'e',NULL);
INSERT INTO "muzikaĵoj" VALUES('mastik','🍬',NULL,'זרעים של מסטיק: זרעים של מסטיק','Semoj de maĉgumo: Semoj de maĉgumo',NULL,'נחום נחצ׳ה היימן','Naĥum Naĥĉe Hejman',NULL,'https://he.wikipedia.org/wiki/%D7%A0%D7%97%D7%95%D7%9D_%D7%94%D7%99%D7%99%D7%9E%D7%9F',NULL,'לאה נאור','Lea Naor',NULL,'https://he.wikipedia.org/wiki/%D7%9C%D7%90%D7%94_%D7%A0%D7%90%D7%95%D7%A8',NULL,'albumoj',NULL,'תווים ואקורדים התפרסמו בספר „זרעים של מסטיק: פזמונות ומנגינות” (מילים: לאה נאור; לחנים: נחום היימן) בהוצאת „ספרית פועלים”, תל־אביב 1978.',NULL,NULL,NULL,NULL,NULL,'[קליפ מתוך „שירים ונפלאות”.](https://youtu.be/x-jOjbSp-sw).','[Filmeto](https://youtu.be/x-jOjbSp-sw).',NULL,NULL,'vv',NULL,'vv',NULL,'vv','1',6,'g',NULL,'e',NULL);
INSERT INTO "muzikaĵoj" VALUES('ajalot','\Kmt{𓃴}','𓃴','מה עושות האיילות בלילות?','Kion faras la cervoj dumnokte?',NULL,'יוני רכטר','Joni Reĥter',NULL,'https://he.wikipedia.org/wiki/%D7%99%D7%95%D7%A0%D7%99_%D7%A8%D7%9B%D7%98%D7%A8',NULL,'לאה גולדברג','Lea Goldberg',NULL,'https://he.wikipedia.org/wiki/%D7%9C%D7%90%D7%94_%D7%92%D7%95%D7%9C%D7%93%D7%91%D7%A8%D7%92','https://eo.wikipedia.org/wiki/Lea_Goldberg','he',NULL,NULL,NULL,NULL,NULL,NULL,NULL,'[יהודית רביץ ויוני רכטר](https://youtu.be/PceC1uFvUd0).','[Judit Ravic kaj Joni Reĥter](https://youtu.be/PceC1uFvUd0).',NULL,NULL,'vv',NULL,'xx',NULL,'xaccidentals','2',NULL,NULL,NULL,NULL,NULL);
INSERT INTO "muzikaĵoj" VALUES('policej','\Kmt{𓀝}','𓀝','היי, היי, לעזאזל עם המשטרע','Hej, hej, forigu la policon','היי, היי, דאָלוי פּאָליציי',NULL,NULL,NULL,NULL,NULL,NULL,NULL,NULL,NULL,NULL,'yi',NULL,NULL,NULL,NULL,NULL,NULL,NULL,NULL,NULL,NULL,NULL,NULL,NULL,NULL,NULL,NULL,NULL,NULL,NULL,NULL,NULL,'https://youtu.be/j4TPeDJELLQ');
INSERT INTO "muzikaĵoj" VALUES('wielang','⛓',NULL,'עד מתי תשארו משועבדים?','Ĝis kiu tempo vi estus sklavigitaj?','ווי לאנג, אוי ווי לאנג',NULL,NULL,NULL,NULL,NULL,NULL,NULL,NULL,NULL,NULL,'yi',NULL,NULL,NULL,NULL,NULL,NULL,NULL,NULL,NULL,NULL,NULL,NULL,NULL,NULL,NULL,NULL,NULL,NULL,NULL,NULL,NULL,'https://youtu.be/FQ3CA0K76N4');
INSERT INTO "muzikaĵoj" VALUES('bidijuk','=',NULL,'בדיוק בדיוק כמו שאני ככה זה טוב','Percize, percize kiel mi estas, estas bone',NULL,'שי אור','Ŝaj Or',NULL,NULL,NULL,'שי אור','Ŝaj Or',NULL,NULL,NULL,'albumoj',NULL,NULL,NULL,NULL,'[הדיסק](http://www.bidyuk.co.il/disc/).',NULL,NULL,'[קליפ](https://youtu.be/-UQugJVbRRg).','[Filmeto](https://youtu.be/-UQugJVbRRg).',NULL,NULL,'vv',NULL,'vv',NULL,'vv','1',4,'d',NULL,'d',NULL);
INSERT INTO "muzikaĵoj" VALUES('nosurprises','😱',NULL,'בלי הפתעות','Sen surprizoj','No Surprises',NULL,NULL,NULL,NULL,NULL,NULL,NULL,NULL,NULL,NULL,'misc',NULL,'[MuseScore](https://musescore.com/q-be_music/nosurprises)','[MuseScore](https://musescore.com/q-be_music/nosurprises)',NULL,NULL,NULL,NULL,NULL,NULL,NULL,NULL,'x',NULL,NULL,NULL,NULL,NULL,NULL,NULL,NULL,NULL,NULL);
INSERT INTO "muzikaĵoj" VALUES('šalom','🕊',NULL,'שיר לשלום','Kanto por la paco',NULL,'יאיר רוזנבלום','Jair Rozenblum',NULL,'https://he.wikipedia.org/wiki/%D7%99%D7%90%D7%99%D7%A8_%D7%A8%D7%95%D7%96%D7%A0%D7%91%D7%9C%D7%95%D7%9D',NULL,'יענקל׳ה רוטבליט','Jankale Rotblit',NULL,'https://he.wikipedia.org/wiki/%D7%99%D7%A2%D7%A7%D7%91_%D7%A8%D7%95%D7%98%D7%91%D7%9C%D7%99%D7%98',NULL,'he',NULL,'[שני קולות ואקורדים, עם ביצוע ממוחשב](https://youtu.be/8_mX3WuBkBk).','[Du voĉoj kaj akrodoj](https://youtu.be/8_mX3WuBkBk).',NULL,NULL,NULL,NULL,'[מירי אלוני](https://youtu.be/m30TiyJE28s).','[Miri Aloni](https://youtu.be/m30TiyJE28s).',NULL,NULL,'vv',NULL,'vv','v (-akordoj)','vv','1',6,'em',NULL,'e',NULL);
INSERT INTO "muzikaĵoj" VALUES('marazula','👿',NULL,'סקיארזולה מרזולה','Schiarazula marazula',NULL,'עממי','{\popola}',NULL,NULL,NULL,NULL,NULL,NULL,NULL,NULL,'antikva',NULL,'[תווים לארבעה קולות](http://imslp.org/wiki/Il_Primo_Libro_de_Balli_%28Mainerio,_Giorgio%29#No.12._Schiarazula_Marazula).','[Partituro por kvar voĉoj](http://imslp.org/wiki/Il_Primo_Libro_de_Balli_%28Mainerio,_Giorgio%29#No.12._Schiarazula_Marazula).',NULL,'[ערך בוויקיפדיה](https://it.wikipedia.org/wiki/Schiarazula_marazula) (באיטלקית).',NULL,NULL,'[ביצוע עם שירה של אנג׳לו ברנדוארדי, למילים של דומניקו דזנייר](https://youtu.be/CKrOktEeH0g).','[Kantita per Angelo Branduardi, laŭ kantoteksto per Domenico Zannier](https://youtu.be/CKrOktEeH0g).','מנגינה עממית שנאספה על־ידי המוסיקאי והמיסטיקן ג׳ורג׳ו מאינריו בספרו מ־1578, ונקשרה בטקסי גירוש שדים.','Popola melodio, kiun kolektis la muzikisto kaj okultisto Giorgio Mainerio en sia libro de 1578; rilata al ekzorcismo.','vv',NULL,'vv','…','vv','1',4,'d','+','X',NULL);
INSERT INTO "muzikaĵoj" VALUES('šišim','⛰',NULL,'בת שישים','Sesdek jara',NULL,'קובי אושרת','Kobi Oŝrat',NULL,'https://he.wikipedia.org/wiki/%D7%A7%D7%95%D7%91%D7%99_%D7%90%D7%A9%D7%A8%D7%AA',NULL,'דידי מנוסי','Didi Menusi',NULL,'https://he.wikipedia.org/wiki/%D7%93%D7%99%D7%93%D7%99_%D7%9E%D7%A0%D7%95%D7%A1%D7%99',NULL,'he',NULL,NULL,NULL,NULL,'[ערך בוויקיפדיה](https://he.wikipedia.org/wiki/%D7%91%D7%AA_%D7%A9%D7%99%D7%A9%D7%99%D7%9D).',NULL,NULL,'[הגבעתרון](https://youtu.be/24XBP3n5fDc).','[Ha Giv’atron](https://youtu.be/24XBP3n5fDc).',NULL,NULL,'vv',NULL,'xx','v','vv','2',NULL,'bm','+','a',NULL);
INSERT INTO "muzikaĵoj" VALUES('stav','🍂',NULL,'בלילות הסתיו','⚙',NULL,NULL,NULL,NULL,NULL,NULL,NULL,NULL,NULL,NULL,NULL,'he',NULL,'⚙',NULL,NULL,NULL,NULL,NULL,NULL,NULL,NULL,NULL,'…',NULL,NULL,NULL,NULL,NULL,NULL,NULL,NULL,NULL,NULL);
INSERT INTO "muzikaĵoj" VALUES('krieger-menuet','µ',NULL,'מנואט בלה מינור','Menueto (a-minoro)',NULL,'יוהן קריגר','Johann Krieger',NULL,NULL,'https://eo.wikipedia.org/wiki/Johann_Krieger',NULL,NULL,NULL,NULL,NULL,'klasika',NULL,'[IMSLP](http://imslp.org/wiki/6_Musikalische_Partien_(Krieger,_Johann)); [MuseScore](https://musescore.com/user/45805/scores/1309336).','[IMSLP](http://imslp.org/wiki/6_Musikalische_Partien_(Krieger,_Johann)); [MuseScore](https://musescore.com/user/45805/scores/1309336).',NULL,NULL,NULL,NULL,'[בלאוטה](https://youtu.be/u4q7O6A-17g); [באקורדיון](https://youtu.be/RtkA7zZtag0); [בצ׳מבלו](https://youtu.be/CDopr1LKaEA).','[Per liuto](https://youtu.be/u4q7O6A-17g); [per akordiono](https://youtu.be/RtkA7zZtag0); [per kaviceno](https://youtu.be/CDopr1LKaEA).',NULL,NULL,'vv','…','vv',NULL,'vv','1',4,'bm','+','a',NULL);
INSERT INTO "muzikaĵoj" VALUES('krieger-bourrée','🐟',NULL,'בורה בלה מינור','Bourrée (a-minoro)',NULL,'יוהן קריגר','Johann Krieger',NULL,NULL,'https://eo.wikipedia.org/wiki/Johann_Krieger',NULL,NULL,NULL,NULL,NULL,'klasika',NULL,'[IMSLP](http://imslp.org/wiki/6_Musikalische_Partien_(Krieger,_Johann)); [MuseScore](https://musescore.com/user/19879/scores/108874).','[IMSLP](http://imslp.org/wiki/6_Musikalische_Partien_(Krieger,_Johann)); [MuseScore](https://musescore.com/user/19879/scores/108874).',NULL,NULL,NULL,NULL,'[בלאוטה](https://youtu.be/L_YKE3Ur-BM).','[Per liuto](https://youtu.be/L_YKE3Ur-BM).',NULL,NULL,'vv','…','vv',NULL,'vv','1',4,'em',NULL,'X',NULL);
INSERT INTO "muzikaĵoj" VALUES('saltarello','⇅',NULL,'סלטרלו II','Saltarello II',NULL,'עממי','{\popola}',NULL,NULL,NULL,NULL,NULL,NULL,NULL,NULL,'antikva',NULL,'[ABC](http://trillian.mit.edu/~jc/music/abc/contrib/Tunes/Saltarello.abc).','[ABC](http://trillian.mit.edu/~jc/music/abc/contrib/Tunes/Saltarello.abc).',NULL,NULL,NULL,NULL,'[בגיטרה](https://youtu.be/fFbb58fei0o).','[Per gitaro](https://youtu.be/fFbb58fei0o).','ריקוד מהמאה הי״ד או הי״ה המוקדמת. זהו הסלטרלו הראשון שיש לנו תיעוד שלו, מכתב־יד Add. 29987 שנמצא בספריה הבריטית (כנראה ממקור טוסקני). זה ריקוד קופצני, ושמו מגיע מהפועל האיטלקי saltare „לקפוץ” (כן, כמו „סַלְטָה” בעברית…). הגרסה כאן מבוססת על עיבוד של Dead can Dance.',NULL,'vv',NULL,'vv',NULL,'vv','1',6,'edor',NULL,'e',NULL);
INSERT INTO "muzikaĵoj" VALUES('osondoar','🜁',NULL,'צליל האוויר','La sono de la aero','O son do ar','בייטו רומרו','Bieito Romero',NULL,NULL,NULL,NULL,NULL,NULL,NULL,NULL,'popola',NULL,'ההרכב מפרסם ב[אתר שלו](http://www.luarnalubre.com/partituras.php?idioma=gl) את התווים של השירים. איזה יופי!','En [la retejo de la ensemblo](http://www.luarnalubre.com/partituras.php?idioma=gl) oni povas elŝuti la partiturojn de la kantoj. Mojosa!',NULL,NULL,NULL,NULL,'[וידאו של השיר בביצוע של לואר נה לוברה](https://youtu.be/qo9tKOPCjO4).','[Sonregistro per Luar na Lubre](https://youtu.be/qo9tKOPCjO4).','[לואר נה לוברה](http://luarnalubre.com/) היא הרכב נהדר שמנגן מוזיקה קלטית בשפה הגליסית. המנגינה הזאת, O son do ar „צליל האוויר”, היא אחד מהגורמים שפרסמו את הלהקה בעולם: מייק אולדפילד הקליט קאבר שלה באלבום Voyage, ושיתף פעולה עם להקה בסבב הופעות עולמי ב־1992. למרות שהמנגינה מודרנית, והולחנה על־ידי חבר בלהקה, כללתי אותה בקטגוריה הזאת של מוזיקה עממית.','[Luar na Lubre](http://luarnalubre.com/) estas mirinda ensemblo, kiu ludas keltan muzikon en la galega lingvo. Tiu ĉi muzikaĵo, *O son do ar* «La sono de la aero», estas unu el la kaŭzoj, pro kiuj la ensemblo estas fama tra la mondo: Mike Oldfield sonregistris version de la muzikaĵo en la muzikalbumo *Voyage*, kaj kunhelpis kun la ensemblo ĉe tutmonda turneo en 1992. Kvankam la melodio estas moderna, verkita per unu el la ensemblanoj, mi klasifikis ĝin ĉe tiu ĉi kategorio, de popola muziko.','vv',NULL,'vv',NULL,'vv','1',6,'em','=','e',NULL);
INSERT INTO "muzikaĵoj" VALUES('trollpolska','👺',NULL,'פולקה של הטרולים','Polko de la troloj','Trollpolska','עממי','{\popola}',NULL,NULL,NULL,NULL,NULL,NULL,NULL,NULL,'popola',NULL,'[באתר The Session](https://thesession.org/tunes/7964).','[En la retejo «The Session»](https://thesession.org/tunes/7964).',NULL,NULL,NULL,NULL,'[ההרכב Smörgåsklickarna מנגנים בניקלהרפה, הרמוניום וכינור](https://youtu.be/DyzopylT-Yg).','[La Bando Smörgåsklickarna ludas](https://youtu.be/DyzopylT-Yg) per nyckelharpa, [harmoniumo](https://eo.wikipedia.org/wiki/Harmoniumo) kaj [violino](https://eo.wikipedia.org/wiki/Violono).','מנגינה עממית מ[דלרנה](https://he.wikipedia.org/wiki/%D7%93%D7%9C%D7%A8%D7%A0%D7%94).','Popola melodio de [Dalekarlio](https://eo.wikipedia.org/wiki/Dalarna).','vv',NULL,'xx',NULL,'vv','2',NULL,'em','+','b',NULL);
INSERT INTO "muzikaĵoj" VALUES('vals','¾',NULL,'ולס להגנת הצומח','Vals por la konservado de la plantaro',NULL,'נעמי שמר','Naomi Ŝemer',NULL,'https://he.wikipedia.org/wiki/%D7%A0%D7%A2%D7%9E%D7%99_%D7%A9%D7%9E%D7%A8',NULL,'נעמי שמר','Naomi Ŝemer',NULL,'https://he.wikipedia.org/wiki/%D7%A0%D7%A2%D7%9E%D7%99_%D7%A9%D7%9E%D7%A8',NULL,'he',NULL,NULL,NULL,'2:101',NULL,NULL,NULL,'[מזי כהן וגידי גוב](https://youtu.be/d4U-5sMHMR8); [אקורדיון](https://youtu.be/nYVJYPJ4nc0).','[Mazi Kohen kaj Gidi Gov](https://youtu.be/d4U-5sMHMR8); [per akordiono](https://youtu.be/nYVJYPJ4nc0).',NULL,NULL,'vv',NULL,'xx',NULL,'vv','1',NULL,'g','+','g',NULL);
INSERT INTO "muzikaĵoj" VALUES('jerexim','♲',NULL,'שנים עשר ירחים','Dudek monatoj',NULL,'נעמי שמר','Naomi Ŝemer',NULL,'https://he.wikipedia.org/wiki/%D7%A0%D7%A2%D7%9E%D7%99_%D7%A9%D7%9E%D7%A8',NULL,'נעמי שמר','Naomi Ŝemer',NULL,'https://he.wikipedia.org/wiki/%D7%A0%D7%A2%D7%9E%D7%99_%D7%A9%D7%9E%D7%A8',NULL,'he',NULL,NULL,NULL,'1:10',NULL,NULL,NULL,'[נעמי שמר וילדי קיבוץ נען](https://youtu.be/Cx-0zVXygN4).','[Naomi Ŝemer kaj la infanoj de la kibuco Naan](https://youtu.be/Cx-0zVXygN4).',NULL,NULL,'v',NULL,'vv',NULL,'vv','1',4,'d',NULL,'d',NULL);
INSERT INTO "muzikaĵoj" VALUES('melodies','🎶',NULL,'נעימוֹת החיים','La melodioj de la vivo','Melodies of Life','נובואו אואמצו','Nobuo Uemacu','植松伸夫',NULL,NULL,'הירויוקי איטו','Hiroyuki Itō','伊藤裕之',NULL,NULL,'ludoj',NULL,'[MuseScore](https://musescore.com/user/2842756/scores/1727481).','[MuseScore](https://musescore.com/user/2842756/scores/1727481).',NULL,NULL,NULL,NULL,'[עם קטעי־וידאו מהמשחק](https://www.youtube.com/watch?v=fmShPzYD9ng).','[Filmeto](https://www.youtube.com/watch?v=fmShPzYD9ng).',NULL,NULL,'⚙',NULL,NULL,NULL,'vv',NULL,NULL,'d','+','b',NULL);
INSERT INTO "muzikaĵoj" VALUES('ponyo','🐠',NULL,'פוניו על הצוק','Ponjo sur la klifo','\Jap{崖の上のポニョ}','ג׳ו היסאישי','Ĝo Hisaiŝi','\Jap{久石譲}','https://he.wikipedia.org/wiki/%D7%92%27%D7%95_%D7%94%D7%99%D7%A1%D7%90%D7%99%D7%A9%D7%99','https://eo.wikipedia.org/wiki/Joe_Hisaishi','קצויה קונדו והיאו מיאזקי','Kacuja Kondō kaj Hajao Miazaki','\Jap{近藤勝也、宮崎駿}',NULL,NULL,'filmoj',NULL,'[עיבוד לחמישה חלילים](https://musescore.com/user/14439/scores/51830).','[Por kvin flutoj](https://musescore.com/user/14439/scores/51830).',NULL,'[ערך בוויקיפדיה](https://he.wikipedia.org/wiki/%D7%A4%D7%95%D7%A0%D7%99%D7%95_%D7%A2%D7%9C_%D7%94%D7%A6%D7%95%D7%A7_%D7%9C%D7%99%D7%93_%D7%94%D7%99%D7%9D).','[Ĉe Vikipedio](https://eo.wikipedia.org/wiki/Gake_no_ue_no_Ponyo).',NULL,'[דיסוננס בין קטן וענק](https://youtu.be/va-2-dvakwk).','[Disonanco de eta kaj ega](https://youtu.be/va-2-dvakwk).',NULL,NULL,'vv',NULL,'vv',NULL,'vv','1',6,'g','+','g',NULL);
INSERT INTO "muzikaĵoj" VALUES('fauno','♑',NULL,'המבוך של פאן','La labirinto de la faŭno','El Laberinto del Fauno','חבייר נברטה','Javier Navarrete',NULL,NULL,NULL,NULL,NULL,NULL,NULL,NULL,'filmoj',NULL,NULL,NULL,NULL,'[ערך בוויקיפדיה](https://he.wikipedia.org/wiki/%D7%94%D7%9E%D7%91%D7%95%D7%9A_%D7%A9%D7%9C_%D7%A4%D7%90%D7%9F).','[Ĉe Vikipedio](https://eo.wikipedia.org/wiki/El_laberinto_del_fauno_%28filmo%29).',NULL,'[תיבת נגינה](https://youtu.be/LDgYSWoSoqU); [כינור ופסנתר](https://youtu.be/0tD3Jmc96ao).','[Muzikskatolo](https://youtu.be/LDgYSWoSoqU); [violino kaj piano](https://youtu.be/0tD3Jmc96ao).',NULL,NULL,'vv',NULL,'xx',NULL,'vv','2',NULL,'em','+','e',NULL);
INSERT INTO "muzikaĵoj" VALUES('morrowind',NULL,NULL,'⚙','⚙','Morrowind',NULL,NULL,NULL,NULL,NULL,NULL,NULL,NULL,NULL,NULL,'ludoj',NULL,NULL,NULL,NULL,NULL,NULL,NULL,NULL,NULL,NULL,NULL,NULL,NULL,NULL,NULL,NULL,NULL,NULL,NULL,NULL,NULL,NULL);
INSERT INTO "muzikaĵoj" VALUES('thrones','💺',NULL,'משחקי הכס','Ludo de Tronoj','Game of Thrones','ראמין ג׳ואדי','Ramin Djawadi','\Ar{رامین جوادی‎‎}',NULL,NULL,NULL,NULL,NULL,NULL,NULL,'filmoj',NULL,'[MuseScore](https://musescore.com/user/5635691/scores/2317866).','[MuseScore](https://musescore.com/user/5635691/scores/2317866).',NULL,NULL,NULL,NULL,'[אחד הפתחונים המרשימים ביותר](https://youtu.be/s7L2PVdrb_8); [עוד ועוד](https://youtu.be/OrQNzqB35O4).','[Filmeto](https://youtu.be/s7L2PVdrb_8); [udo](https://youtu.be/OrQNzqB35O4).',NULL,NULL,'vv',NULL,'xx',NULL,'vv','2',NULL,'g',NULL,'g',NULL);
INSERT INTO "muzikaĵoj" VALUES('phoenix','🔥',NULL,'אקום כמו עוף־החול','Altiĝos kiel fenikso','Rise Like a Phoenix','אלי צוקובסקי','Ali Zuckowski',NULL,NULL,NULL,'צ׳רלי מייסון','Charlie Mason',NULL,NULL,NULL,'misc',NULL,'[MuseScore](http://musescore.com/score/189992).','[MuseScore](http://musescore.com/score/189992).',NULL,NULL,NULL,NULL,'[מתחרות האירוויזיון](https://youtu.be/QRUIava4WRM).','[De la Eŭrovido](https://youtu.be/QRUIava4WRM).','השיר הזוכה בתחרות האירוויזיון לשנת 2014, בביצועהּ המהמם של קונצ׳יטה וורסט.',NULL,'vv',NULL,'xritmo',NULL,'vv','1',NULL,'bm','+','fis',NULL);
INSERT INTO "muzikaĵoj" VALUES('haumnam','�',NULL,'האמנם','Vere estos?',NULL,'חיים ברקני','Ĥajim Barkani',NULL,'https://he.wikipedia.org/wiki/%D7%97%D7%99%D7%99%D7%9D_%D7%91%D7%A8%D7%A7%D7%A0%D7%99',NULL,'לאה גולדברג','Lea Goldberg',NULL,'https://he.wikipedia.org/wiki/%D7%9C%D7%90%D7%94_%D7%92%D7%95%D7%9C%D7%93%D7%91%D7%A8%D7%92','https://eo.wikipedia.org/wiki/Lea_Goldberg','he',NULL,'[מילים, תווים ואקורדים](http://shira-ovedet.kibbutz.org.il/cgi-webaxy/sal/sal.pl?lang=he&ID=511757_shira&act=show&dbid=shira_shirim&dataid=905).','[Kantoteksto, partituro kaj akordoj](http://shira-ovedet.kibbutz.org.il/cgi-webaxy/sal/sal.pl?lang=he&ID=511757_shira&act=show&dbid=shira_shirim&dataid=905).','2:136','[ערך בוויקיפדיה](https://he.wikipedia.org/wiki/%D7%94%D7%90%D7%95%D7%9E%D7%A0%D7%9D).',NULL,NULL,'[חווה אלברשטיין מבצעת את השיר בליווי גיטרה](https://www.youtube.com/watch?v=s6nZswLOKUA).','[Ĥava Alberŝtejn](https://www.youtube.com/watch?v=s6nZswLOKUA).',NULL,NULL,'vv',NULL,'xritmo',NULL,'vv','2',6,'bm','+','a',NULL);
INSERT INTO "muzikaĵoj" VALUES('koxavim','✨',NULL,'עץ־הכוכבים','Stelarbo',NULL,'נורית הירש','Nurit Hirŝ',NULL,'https://he.wikipedia.org/wiki/%D7%A0%D7%95%D7%A8%D7%99%D7%AA_%D7%94%D7%99%D7%A8%D7%A9',NULL,'לײב מאָרגנטױ','Lejv Morgentoj',NULL,'https://he.wikipedia.org/wiki/%D7%9C%D7%99%D7%99%D7%91_%D7%9E%D7%95%D7%A8%D7%92%D7%A0%D7%98%D7%95%D7%99',NULL,'he',NULL,NULL,NULL,NULL,'[ערך בוויקיפדיה](https://he.wikipedia.org/wiki/%D7%A2%D7%A5_%D7%94%D7%9B%D7%95%D7%9B%D7%91%D7%99%D7%9D).',NULL,NULL,'[בשירת גאיה ממן ובנגינת נורית הירש](https://youtu.be/SnDXEPsweJ0); [בשירת גוני כנעני ובנגינת דוד זבה](https://youtu.be/_guNtFEJ9GI).','[Kantita de Gaja Maman kaj ludita per piano de Nurit Hirŝ](https://youtu.be/SnDXEPsweJ0); [kantita de Guni Knaani](https://youtu.be/_guNtFEJ9GI).',NULL,NULL,'vv',NULL,'xritmo',NULL,'vv','1',NULL,'bm','+','c''',NULL);
INSERT INTO "muzikaĵoj" VALUES('early','🌅',NULL,'מוקדם בבוקר','Frumatene','Early One Morning','עממי','{\popola}',NULL,NULL,NULL,NULL,NULL,NULL,NULL,NULL,'popola',NULL,NULL,NULL,NULL,NULL,NULL,NULL,'[קריסטי-לין בשירה ובאוקוללה](https://youtu.be/3OAyS8OK9J4).','[Christy-Lyn](https://youtu.be/3OAyS8OK9J4).','שיר עם באנגלית מהאי בריטניה (מס׳ [ראוד](https://en.wikipedia.org/wiki/Roud_Folk_Song_Index) 12682).','Popola anglalingva kanto el la insulo Britio ([Roud](https://en.wikipedia.org/wiki/Roud_Folk_Song_Index) 12682).','v',NULL,'vv','v','vv','1',6,'g',NULL,'g',NULL);
INSERT INTO "muzikaĵoj" VALUES('caribbeans',NULL,NULL,'⚙','⚙','⚙: He’s a Pirate',NULL,NULL,NULL,NULL,NULL,NULL,NULL,NULL,NULL,NULL,'filmoj',NULL,NULL,NULL,NULL,NULL,NULL,NULL,NULL,NULL,NULL,NULL,NULL,NULL,NULL,NULL,NULL,NULL,NULL,NULL,NULL,NULL,NULL);
INSERT INTO "muzikaĵoj" VALUES('internationale','⚖',NULL,'האינטרנציונל','La Internacio','L’Internationale','פייר דגייטר','Pierre De Geyter',NULL,NULL,NULL,NULL,NULL,NULL,NULL,NULL,'misc',NULL,'[ABC](http://abcnotation.com/tunePage?a=back.numachi.com:8000/dtrad/abc_dtrad.tar.gz/abc_dtrad/INTERNAT/0000).','[ABC](http://abcnotation.com/tunePage?a=back.numachi.com:8000/dtrad/abc_dtrad.tar.gz/abc_dtrad/INTERNAT/0000).',NULL,'[ערך בוויקיפדיה](https://he.wikipedia.org/wiki/%D7%94%D7%90%D7%99%D7%A0%D7%98%D7%A8%D7%A0%D7%A6%D7%99%D7%95%D7%A0%D7%9C).','[Ĉe Vikipedio](https://eo.wikipedia.org/wiki/La_Internacio_(himno)).',NULL,'[הקלטה של „להקת ציפורי השיר” באספרנטו](https://youtu.be/M92QZvAH5q8) מ־1933.','[Sonregistro de «Kantobirdaro» el 1933](https://youtu.be/M92QZvAH5q8).',NULL,NULL,'vv',NULL,'xx',NULL,'vv','2',NULL,'d','+','a',NULL);
INSERT INTO "muzikaĵoj" VALUES('nos','🌃',NULL,'לאורך הליל','Tra la nokto','Ar Hyd y Nos','עממי','{\popola}',NULL,NULL,NULL,NULL,NULL,NULL,NULL,NULL,'popola','lulkanto',NULL,NULL,NULL,NULL,NULL,NULL,NULL,NULL,NULL,NULL,'vv',NULL,'vv',NULL,'vv','1',6,'g',NULL,'e',NULL);
INSERT INTO "muzikaĵoj" VALUES('gina','🌷',NULL,'גינה לי','Mia ĝardeno',NULL,'דוד מערבי','David Maaravi',NULL,NULL,NULL,'לוין קיפניס','Levin Kipnis',NULL,'https://he.wikipedia.org/wiki/%D7%9C%D7%95%D7%99%D7%9F_%D7%A7%D7%99%D7%A4%D7%A0%D7%99%D7%A1',NULL,'he',NULL,'zemereshet','zemereshet',NULL,NULL,NULL,'335','[להיט לפעוטות](https://youtu.be/zdHpBdw4FVM).','[Sonregistro](https://youtu.be/zdHpBdw4FVM).',NULL,NULL,'vv',NULL,'vv',NULL,'vv','1',6,'g',NULL,'e',NULL);
INSERT INTO "muzikaĵoj" VALUES('fiera','🐐',NULL,'חד עכברא','En la orienta foiro','Alla Fiera dell’Est','אנג׳לו ברנדוארדי~/ עממי','Angelo Branduardi~/ {\popola}',NULL,NULL,NULL,'לואיזה צפה','Luisa Zappa',NULL,NULL,NULL,'popola',NULL,NULL,NULL,NULL,NULL,NULL,NULL,'[עם ציורים של עמנואל לוצטי](https://youtu.be/20YC9QiMs54); [חוה אלברשטיין](https://youtu.be/V7P2jPyFdpg) ([רקע](https://www.facebook.com/meravmusic/posts/956728427671659)); [ביצוע דו־לשוני של מקהלת ראנה/رانة](https://youtu.be/CNijR9uRSPw).','[Kun ilustraĵoj de Emanuele Luzzati](https://youtu.be/20YC9QiMs54); [Ĥava Alberŝtejn](https://youtu.be/V7P2jPyFdpg); [dulingva kantado de ĥoro Rana (ראנה/رانة)](https://youtu.be/CNijR9uRSPw).','חד גדיא, א־לה אנג׳לו ברנדוארדי, שהתגלגל חזרה ל„חד גדיא” בפי חוה אלברשטיין.',NULL,'vv',NULL,'vv',NULL,'vv','1',4,'em',NULL,'d',NULL);
INSERT INTO "muzikaĵoj" VALUES('taxtaxtax','👏',NULL,'יום־הולדת (תך תך תך)','Naskiĝtago (taĥ taĥ taĥ)',NULL,'עממי','{\popola}',NULL,NULL,NULL,'עממי','{\popola}',NULL,NULL,NULL,'he','naskiĝtago',NULL,NULL,NULL,NULL,NULL,'995',NULL,NULL,NULL,NULL,'vv',NULL,'vv','v (-akordoj)','vv','1',4,'em',NULL,'X',NULL);
INSERT INTO "muzikaĵoj" VALUES('bananot','🍌',NULL,'מכופף הבננות','La kurbigisto de la bananoj',NULL,'שלום חנוך','Ŝalom Ĥanoĥ',NULL,'https://he.wikipedia.org/wiki/%D7%A9%D7%9C%D7%95%D7%9D_%D7%97%D7%A0%D7%95%D7%9A',NULL,'מאיר אריאל','Meir Ariel',NULL,'https://he.wikipedia.org/wiki/%D7%9E%D7%90%D7%99%D7%A8_%D7%90%D7%A8%D7%99%D7%90%D7%9C',NULL,'he',NULL,NULL,NULL,'1:67',NULL,NULL,NULL,'[קליפ מגניב](https://youtu.be/UrnxJrmHRWY).','[Mojosa filmeto](https://youtu.be/UrnxJrmHRWY).',NULL,NULL,'vv',NULL,'xx',NULL,'vv','2',NULL,'bm',NULL,'b',NULL);
INSERT INTO "muzikaĵoj" VALUES('lajla','🌝',NULL,'לילה לילה','Nokto, nokto',NULL,'מרדכי זעירא','Mordeĥaj Zeira',NULL,'https://he.wikipedia.org/wiki/%D7%9E%D7%A8%D7%93%D7%9B%D7%99_%D7%96%D7%A2%D7%99%D7%A8%D7%90',NULL,'נתן אלתרמן','Natan Alterman',NULL,'https://he.wikipedia.org/wiki/%D7%A0%D7%AA%D7%9F_%D7%90%D7%9C%D7%AA%D7%A8%D7%9E%D7%9F',NULL,'he','lulkanto','zemereshet','zemereshet','2:144',NULL,NULL,'911','[רבעיית תום כהן](https://youtu.be/BhIH69QOmCM); [ביצוע ממש מוזר](https://youtu.be/TqpIT3PDuic).','[Tom Kohen Kvarteto](https://youtu.be/BhIH69QOmCM); [tre stranga](https://youtu.be/TqpIT3PDuic).',NULL,NULL,'vv',NULL,'vv',NULL,'vv','1',6,'bm','+','g',NULL);
INSERT INTO "muzikaĵoj" VALUES('maamin','💐',NULL,'אני מאמין','Mi kredas',NULL,'טוביה שלונסקי','Tuvja Ŝlonski',NULL,'https://he.wikipedia.org/wiki/%D7%98%D7%95%D7%91%D7%99%D7%94_%D7%A9%D7%9C%D7%95%D7%A0%D7%A1%D7%A7%D7%99',NULL,'שאול טשרניחובסקי','Ŝaul Ĉarniĥovski',NULL,'https://he.wikipedia.org/wiki/%D7%A9%D7%90%D7%95%D7%9C_%D7%98%D7%A9%D7%A8%D7%A0%D7%99%D7%97%D7%95%D7%91%D7%A1%D7%A7%D7%99',NULL,'he',NULL,'zemereshet','zemereshet','2:150',NULL,NULL,'118','[אני לא חושב שמעולם ראיתי כתוביות מנוקדות…](https://youtu.be/lzaMAMXJCXg).','[Sonregistro](https://youtu.be/lzaMAMXJCXg).',NULL,NULL,'vv',NULL,'xritmo',NULL,'vv','1',6,'em',NULL,'g',NULL);
INSERT INTO "muzikaĵoj" VALUES('xavituš','🤖',NULL,'חביתוש כבר בן שנה','Ĥavituŝ estas jam unu jara',NULL,'דפנה אילת','Dafna Ejlat',NULL,'https://he.wikipedia.org/wiki/%D7%93%D7%A4%D7%A0%D7%94_%D7%90%D7%99%D7%9C%D7%AA',NULL,'לאה נאור','Lea Naor',NULL,'https://he.wikipedia.org/wiki/%D7%9C%D7%90%D7%94_%D7%A0%D7%90%D7%95%D7%A8',NULL,'filmoj','naskiĝtago',NULL,NULL,NULL,NULL,NULL,NULL,'[חביתושתוש!](https://youtu.be/rTAWqsmAaEs).','[Ĥavituŝtuŝ!](https://youtu.be/rTAWqsmAaEs).',NULL,NULL,'vv',NULL,'vv','v (-akordoj)','vv','1',6,'g',NULL,'e',NULL);
INSERT INTO "muzikaĵoj" VALUES('totaka','🐣',NULL,'השיר של טוטקה','La kanto de Totaka',NULL,'קזומי טוטקה','Kazumi Totaka','\Jap{戸高一生}',NULL,NULL,NULL,NULL,NULL,NULL,NULL,'ludoj',NULL,'[תיווי מאת ג׳ורדן אולינג](https://dogman15.deviantart.com/art/Totaka-s-Song-67449841).','[Muzika notacio per Jordan Olling](https://dogman15.deviantart.com/art/Totaka-s-Song-67449841).',NULL,NULL,NULL,NULL,'[קטעי וידאו של המנגינה](https://www.youtube.com/results?search_query=Totaka%27s%20Song), מתוך המשחקים שבהם היא מופיעה.','[Filmetoj de la melodio](https://www.youtube.com/results?search_query=Totaka%27s%20Song) en la ludoj, en kiuj ĝi kaŝiĝas.','קזומי טוטקה הלחין משחקי־מחשב רבים עבור חברת נינטנדו. כמעט בכל המשחקים שהוא הלחין מתחבאת המנגינה, „השיר של טוטקה”: אחרי ביצוע רצף מסויים של פעולות היא מנוגנת ([תַּכְמִין‏](https://he.wikipedia.org/wiki/%D7%91%D7%99%D7%A6%D7%AA_%D7%A4%D7%A1%D7%97%D7%90_%28%D7%9E%D7%97%D7%A9%D7%91%D7%99%D7%9D%29)). במרבית המשחקים כבר גילו את רצף הפעולות הזה, אבל בחלקם היא עוד נסתרת.','Kazumi Totaka verkis la muzikon de multaj komputilaj ludoj por Nintendo. Preskaŭ en ĉiuj ludoj, kies muzikon gi verkis, kaŝiĝas la melodio, «La kanto de Tokata»: post fari ion en la ludo, ĝi estas ludita (ovo de Pasko). En la plejparto de la ludoj oni malkovris ĝin, sen estas ludoj, en kiuj ĝi ankoraŭ estas kaŝita.','vv',NULL,'vv',NULL,'vv','1',4,'d','+','d',NULL);
INSERT INTO "muzikaĵoj" VALUES('šira','🌛',NULL,'שיר לשירה','Kanto por Ŝira',NULL,'קורין אלאל','Korin Alal',NULL,'https://he.wikipedia.org/wiki/%D7%A7%D7%95%D7%A8%D7%99%D7%9F_%D7%90%D7%9C%D7%90%D7%9C',NULL,'יהונתן גפן','Jonatan Gefen',NULL,'https://he.wikipedia.org/wiki/%D7%99%D7%94%D7%95%D7%A0%D7%AA%D7%9F_%D7%92%D7%A4%D7%9F',NULL,'he','lulkanto',NULL,NULL,NULL,NULL,NULL,NULL,'[שיר לשירה](https://youtu.be/HTyttqNwhtQ).','[Kanto por Ŝira](https://youtu.be/HTyttqNwhtQ).',NULL,NULL,'vv','…לתקן לפי u1','xritmo',NULL,'vv','1',NULL,'d','+','e',NULL);
INSERT INTO "muzikaĵoj" VALUES('misirlou','\Kmt{𓁐}','𓁐','בת־מצרים','Egiptino','\Gre{Μισιρλού}','עממי / פטרינוס / רובניס','{\popola} / Patrinos / Roubanis',NULL,NULL,NULL,NULL,NULL,NULL,NULL,NULL,'popola',NULL,NULL,NULL,NULL,NULL,NULL,NULL,'[צמד האוקוללאיסטיות הונוקה ואזיטה](https://youtu.be/WeSdwBOsXKA).','[La ukulelista duopo Honoka kaj Azita](https://youtu.be/WeSdwBOsXKA).','המנגינה בנויה בעיקרה על עליות וירידות במקאם (סולם) חִג׳אז קאר (حجاز كار). אפשר לראות את זה באופן גרפי בתווים.',NULL,'vv',NULL,'vv',NULL,'vv','1',6,'d-hijazkar','+','ees',NULL);
INSERT INTO "muzikaĵoj" VALUES('bwv1079-cancer','🦀',NULL,'קנון הסרטן','Kanono de kankro','BWV 1079','יוהאן סבסטיאן באך','Johann Sebastian Bach',NULL,'https://he.wikipedia.org/wiki/%D7%99%D7%95%D7%94%D7%90%D7%9F_%D7%A1%D7%91%D7%A1%D7%98%D7%99%D7%90%D7%9F_%D7%91%D7%90%D7%9A','https://eo.wikipedia.org/wiki/Johann_Sebastian_Bach',NULL,NULL,NULL,NULL,NULL,'klasika',NULL,'[IMSLP](http://imslp.org/wiki/Musikalisches_Opfer,_BWV_1079_(Bach,_Johann_Sebastian)).','[IMSLP](http://imslp.org/wiki/Musikalisches_Opfer,_BWV_1079_(Bach,_Johann_Sebastian)).',NULL,NULL,NULL,NULL,'[וידאו שמראה בצורה הכי ברורה את מהלך הסרטן](https://youtu.be/xUHQ2ybTejU) (קדימה, אחורה, ביחד ובטבעת מביוס).','[Filmeto, kiu montras klare la iradon de la kancero](https://youtu.be/xUHQ2ybTejU) (antaŭen, malantaŭên, ambaŭflanken, kaj sur rubando de Möbius).','אפשר לנגן את המנגינה לא רק קדימה, אלא גם אחורה, מהתו האחרון לראשון. ולא רק זה, אפשר לנגן גם קדימה וגם אחורה ביחד )זה הזמן להכיר עוד נגני אוקוללה…(. ולא רק זה (!), אפשר גם לגזור את המנגינה אחרי התיבה העשירית (מתוך 18), להפוך, לחבר לטבעת מביוס (ר׳ [הסרטון הזה](https://youtu.be/xUHQ2ybTejU)) ולנגן ביחד לשני כיוונים מנוגדים. בספר מופיע דף שמיועד להדפסה על A3: גוזרים, מדביקים, מנגנים, ובשטח שנותר בדף כותבים קנון סרטן משלכם (אם כתבתם, אשמח אם תשלחו אלי…).',NULL,'vv',NULL,'xx',NULL,'xrange','2',NULL,NULL,NULL,NULL,NULL);
INSERT INTO "muzikaĵoj" VALUES('cantiga-001','♍',NULL,'קנטיגה~1','Kantigo~1','Des oge mais quér’ éu trobar','עממי / אלפונזו העשירי','{\popola} / Alfonso la 10-a',NULL,NULL,NULL,'עממי~/ אלפונזו העשירי','{\popola} / Alfonso la 10-a',NULL,NULL,'https://eo.wikipedia.org/wiki/Alfonso_la_10-a_%28Kastilio%29','antikva',NULL,'[מילים ותווים, עתיקים וחדשים](http://cantigasdesantamaria.com/csm/1).','[Kantoteksto kaj partituro, nova kaj malnova](http://cantigasdesantamaria.com/csm/1).',NULL,NULL,NULL,NULL,'[ביצוע הומוריסטי־תיאטרלי](https://youtu.be/e0gPUzbCzm8).','[Ludanta humure kaj teatre](https://youtu.be/e0gPUzbCzm8).','Cantigas de Santa Maria „הקנטיגות של מרים הקדושה” הוא אוסף של 420 שירים בקול יחיד בגליסיאנית ימיביניימית: תווים ומילים. זהו האוסף הגדול ביותר מסוגו. כל השירים מאזכרים את מרים, וכל שיר עשירי הוא מסוג „המנון”.','*Cantigas de Santa Maria* «La Kantigoj de Sankta Maria» estas aro de 420 monofonaj kantoj en mezepoka galegalingvo: notoj kaj vortoj. Tio estas la plej granda tia aro. Ĉiuj kantoj mencias Maria-on, kaj ĉiu deka kanto estas *himno*.','vv','x','vv',NULL,'vv','1',6,'em',NULL,'e',NULL);
INSERT INTO "muzikaĵoj" VALUES('chipchip','🐦',NULL,'ריקוד הציפורים','Birdeta danco','Der Ententanz','ורנר תומס','Werner Thomas',NULL,NULL,NULL,NULL,NULL,NULL,NULL,NULL,'misc',NULL,NULL,NULL,NULL,NULL,NULL,NULL,'[תרכיז אייטיז](https://youtu.be/ZWoHT4dvWQw).','[Ekstrakto de la 1980-aj jaroj](https://youtu.be/ZWoHT4dvWQw).','במקור הריקוד נקרא Der Ententanz „ריקוד הברווז”, בגרמנית. המלחין, ורנר תומאס, שהיה נגן אקורדיון, החל לנגן את המנגינה בשנת 1963 במסעדות ובמלונות שונים. באחת מהופעותיו, שמע את המנגינה מפיק בשם לואי ואן ריימנאנט. בשלב מאוחר יותר ואן ריימנאנט כתב לשיר מילים ובשנת 1970 החל בהפצתו לציבור, כמעט ללא הצלחה. בשנת 1977 להקה בשם De Electronica יצרה גרסה אינסטרומנטלית לשיר, שהפכה ללהיט עולמי מצליח מאוד.','La origina germana nomo de la danco estas *Der Ententanz* «La danco de la anaso». La komponisto, Werner Thomas, kiu estas akordionisto, komencis ludi la melodion ekde 1963 en restoracioj kaj hoteloj. Unufoje la produktoro Louis van Rijmenant aŭdis la melodion; gi verkis vortojn por la melodio, kaj en 1970 komencis publikigi ĝin, sensukcese. En 1977 la muzikgrupo De Electronica kreis instrumentan version, kiu ekestis tutmonda furoraĵeto.','vv',NULL,'vv',NULL,'vv','1',4,'d','+','fis',NULL);
INSERT INTO "muzikaĵoj" VALUES('bwv0996-bourrée','🎸',NULL,'בורה במי מינור','Bourrée (e-minoro)','BWV 996','יוהאן סבסטיאן באך','Johann Sebastian Bach',NULL,'https://he.wikipedia.org/wiki/%D7%99%D7%95%D7%94%D7%90%D7%9F_%D7%A1%D7%91%D7%A1%D7%98%D7%99%D7%90%D7%9F_%D7%91%D7%90%D7%9A','https://eo.wikipedia.org/wiki/Johann_Sebastian_Bach',NULL,NULL,NULL,NULL,NULL,'klasika',NULL,'[מוטופיה](http://www.mutopiaproject.org/cgibin/piece-info.cgi?id=1743); [IMSLP](http://imslp.org/wiki/Suite_in_E_minor,_BWV_996_%28Bach,_Johann_Sebastian%29).','[Mutopia](http://www.mutopiaproject.org/cgibin/piece-info.cgi?id=1743); [IMSLP](http://imslp.org/wiki/Suite_in_E_minor,_BWV_996_%28Bach,_Johann_Sebastian%29).',NULL,NULL,NULL,NULL,'[בלאוטה](https://youtu.be/BJ83EBKH598).','[Per liuto](https://youtu.be/BJ83EBKH598).',NULL,NULL,'vv',NULL,'xx',NULL,'vv','3',NULL,'em','+','b',NULL);
INSERT INTO "muzikaĵoj" VALUES('tralala','🙌',NULL,'הופ הופ טרללה','Hop hop tralala',NULL,'עממי','{\popola}',NULL,NULL,NULL,NULL,NULL,NULL,NULL,NULL,'he','naskiĝtago',NULL,NULL,NULL,NULL,NULL,NULL,'[הידעת? יש לפחות 43 שירי יומולדת בעברית](https://youtu.be/z6TrfyIerFQ).','[Sonregistro](https://youtu.be/z6TrfyIerFQ).','לא ידוע מאת מי המילים או הלחן. למעשה, לא הצלחתי למצוא קמצוץ מידע על ההיסטוריה של השיר…','La verkistoj kaj de la kantoteksto kaj de la melodio estas nekonataj. Fakte, mi tute ne povis trovi informon pri la historio de la kanto…','vv',NULL,'vv','…','vv','1',6,'g',NULL,'e',NULL);
INSERT INTO "muzikaĵoj" VALUES('bamaagal','○',NULL,'אני עומדת במעגל','Mi staras en la cirklo',NULL,'עממי','{\popola}',NULL,NULL,NULL,'עממי','{\popola}',NULL,NULL,NULL,'he',NULL,NULL,NULL,NULL,NULL,NULL,'976','[הילדים מגן זמרשת רוקדים](https://youtu.be/sJAWFfWPAD4).','[Ĉe la 30-a okazaĵo de Zemereŝet](https://youtu.be/sJAWFfWPAD4).','מקורותיהם הן של המילים והן של הלחן לא ברורים, וישנן כמה גרסאות להתגלגלותם.','La originoj kaj de la kantoteksto kaj de la melodio estas neklaraj.','vv',NULL,'vv',NULL,'vv','1',4,'g',NULL,'d',NULL);
INSERT INTO "muzikaĵoj" VALUES('do','♫',NULL,'דו־רה־מי','Do-Re-Mi',NULL,'ריצ׳רד רוג׳רז','Richard Rodgers',NULL,'https://he.wikipedia.org/wiki/%D7%A8%D7%99%D7%A6%27%D7%A8%D7%93_%D7%A8%D7%95%D7%92%27%D7%A8%D7%A1_(%D7%9E%D7%9C%D7%97%D7%99%D7%9F)',NULL,'אוסקר המרשטיין השני','Oscar Hammerstein II',NULL,'https://he.wikipedia.org/wiki/%D7%90%D7%95%D7%A1%D7%A7%D7%A8_%D7%94%D7%9E%D7%A8%D7%A9%D7%98%D7%99%D7%99%D7%9F',NULL,'filmoj',NULL,NULL,NULL,NULL,replace('* [ערך בוויקיפדיה](https://he.wikipedia.org/wiki/דו-רה-מי_(שיר))\n* [תרגומו של אבי קורן לשיר](http://shironet.mako.co.il/artist?type=lyrics&lang=1&prfid=1849&wrkid=13757)','\n',char(10)),NULL,NULL,'[קטע מהסרט](https://youtu.be/pLm07s8fnzM).','[La kanto, de la filmo](https://youtu.be/pLm07s8fnzM).','שיר מתוך המחזמר והסרט „[צלילי המוסיקה](https://he.wikipedia.org/wiki/%D7%A6%D7%9C%D7%99%D7%9C%D7%99_%D7%94%D7%9E%D7%95%D7%A1%D7%99%D7%A7%D7%94)” שיצא בשנת 1959. במסגרת הסיפור, האומנת מריה משתמשת בשיר כדי ללמד את הילדים התווים. השיר כתוב בסולם [דו מזו׳ר](https://he.wikipedia.org/wiki/%D7%93%D7%95#.D7.A1.D7.95.D7.9C.D7.9D_.D7.93.D7.95_.D7.9E.D7.96.27.D7.95.D7.A8), והוא מתאר [סולפז׳](https://he.wikipedia.org/wiki/%D7%A1%D7%95%D7%9C%D7%A4%D7%92'') בסיסי בעל-פה.','Kanto el la muzikteatraĵo kaj filmo «La Sono de Muziko», kiu aperis en 1959. En la rakonto, la vartisto Maria uzas la kanton por lernigi la muziknotojn al la infanoj. La kanto estas komponita en la gamo de C-maĵoro, kaj ĝi priskribas solfeĝon voĉe.','vv',NULL,'vv',NULL,'vv','1',4,'d','+','d',NULL);
INSERT INTO "muzikaĵoj" VALUES('cantiga-119','♍',NULL,'קנטיגה~119','Kantigo~119','Como somos per conssello do démo perdudos','עממי / אלפונזו העשירי','{\popola} / Alfonso la 10-a',NULL,NULL,NULL,'עממי~/ אלפונזו העשירי','{\popola} / Alfonso la 10-a',NULL,NULL,'https://eo.wikipedia.org/wiki/Alfonso_la_10-a_%28Kastilio%29','antikva',NULL,'[מילים ותווים, עתיקים וחדשים](http://cantigasdesantamaria.com/csm/119).','[Kantoteksto kaj partituro, nova kaj malnova](http://cantigasdesantamaria.com/csm/119).',NULL,NULL,NULL,NULL,'[ביצוע הומוריסטי־תיאטרלי](https://youtu.be/e_ee09hSzwE).','[Ludanta humure kaj teatre](https://youtu.be/e_ee09hSzwE).',NULL,NULL,'vv','x','vv',NULL,'vv','1',6,'edor',NULL,'d',NULL);
INSERT INTO "muzikaĵoj" VALUES('cantiga-353','♍',NULL,'קנטיגה~353','Kantigo~353','Quen a omagen da Virgen','עממי / אלפונזו העשירי','{\popola} / Alfonso la 10-a',NULL,NULL,NULL,'עממי~/ אלפונזו העשירי','{\popola} / Alfonso la 10-a',NULL,NULL,'https://eo.wikipedia.org/wiki/Alfonso_la_10-a_%28Kastilio%29','antikva',NULL,'[מילים ותווים, עתיקים וחדשים](http://cantigasdesantamaria.com/csm/353).','[Kantoteksto kaj partituro, nova kaj malnova](http://cantigasdesantamaria.com/csm/353).',NULL,NULL,NULL,NULL,'[ביצוע בכלים קרובי־משפחה, עוד ולאוטה](https://youtu.be/gRG_zeKPPJ0); [ביצוע קולי וכלי](https://youtu.be/fMyaDwvFxW8).','[Per parencaj instrumentoj, la udo kaj la liuto](https://youtu.be/gRG_zeKPPJ0); [voĉa kaj instrumenta](https://youtu.be/fMyaDwvFxW8).',NULL,NULL,'vv','x','vv',NULL,'vv','1',4,'edor',NULL,'d',NULL);
INSERT INTO "muzikaĵoj" VALUES('freude','☺',NULL,'אוֹדָה לשמחה (מפושט)','Odo al ĝojo (simpligita)','An die Freude','לודוויג ון בטהובן','Ludwig van Beethoven',NULL,'https://he.wikipedia.org/wiki/%D7%9C%D7%95%D7%93%D7%95%D7%95%D7%99%D7%92_%D7%95%D7%90%D7%9F_%D7%91%D7%98%D7%94%D7%95%D7%91%D7%9F','https://eo.wikipedia.org/wiki/Ludwig_van_Beethoven','פרידריך שילר','Friedrich Schiller',NULL,'https://he.wikipedia.org/wiki/%D7%A4%D7%A8%D7%99%D7%93%D7%A8%D7%99%D7%9A_%D7%A9%D7%99%D7%9C%D7%A8','https://eo.wikipedia.org/wiki/Friedrich_Schiller','klasika',NULL,NULL,NULL,NULL,'[ערך בוויקיפדיה](https://he.wikipedia.org/wiki/האודה_לשמחה).','[Ĉe Vikipedio](https://eo.wikipedia.org/wiki/Odo_al_\%C4\%9Cojo).',NULL,'[פלאש מוב](https://youtu.be/kbJcQYVtZMo).','[Fulmobando](https://youtu.be/kbJcQYVtZMo).','אחד משיריו המפורסמים ביותר של המשורר פרידריך שילר, וכן שמו של העיבוד לאודה המופיע בפרק הרביעי והאחרון של הסימפוניה התשיעית מאת לודוויג ואן בטהובן. האודה מדגישה, בפאתוס רב, את האידאל של חברת בני־אדם שוויונית שבה שוררות שמחה ואחווה. הגרסה כאן מפושטת מאוד.','Unu el la plej famaj poemoj de la poeto Friedrich Schiller. Oni konas ĝin plejparte ĉar ĝi estas la teksto de la ĥoroj en la kvara movimento el la Betovena Naŭa Simfonio. Tiu odo honoras la homan fratecon, ĝoje repacigita kun la Dio kreinto. La ĉi tia versio estas tre simpligita.','vv',NULL,'vv',NULL,'vv','1',4,'g',NULL,'d',NULL);
INSERT INTO "muzikaĵoj" VALUES('ima','♥',NULL,'אמא יקרה לי','Mia kara patrino',NULL,'נחום נרדי','Naĥum Nardi',NULL,'https://he.wikipedia.org/wiki/%D7%A0%D7%97%D7%95%D7%9D_%D7%A0%D7%A8%D7%93%D7%99',NULL,'משה דפנא','Moŝe Dafna',NULL,'https://he.wikipedia.org/wiki/%D7%9E%D7%A9%D7%94_%D7%93%D7%A4%D7%A0%D7%90',NULL,'he',NULL,NULL,NULL,NULL,NULL,NULL,'920',NULL,NULL,NULL,NULL,'vv',NULL,'vv',NULL,'vv','1',4,'em',NULL,'X',NULL);
INSERT INTO "muzikaĵoj" VALUES('kova','△',NULL,'לכובע שלי','Mia ĉapelo',NULL,'עממי','{\popola}',NULL,NULL,NULL,'לא ידוע/ה','{\nekonata}',NULL,NULL,NULL,'he',NULL,NULL,NULL,NULL,NULL,NULL,'1934',NULL,NULL,NULL,NULL,'vv',NULL,'vv',NULL,'vv','1',4,'g',NULL,'X',NULL);
INSERT INTO "muzikaĵoj" VALUES('follia','ℱ',NULL,'לה פוליה','La Folia',NULL,'אלמוני/ת','{\sennoma}',NULL,NULL,NULL,NULL,NULL,NULL,NULL,NULL,'antikva',NULL,NULL,NULL,NULL,NULL,NULL,NULL,'[ג׳ורדי סבל והספריון 21](https://youtu.be/1uf2z-5FnI8); [הווריאציות של קורלי](https://youtu.be/_V8FQ_r39io), בהקלטה יפה גם מבחינת הביצוע וגם מבחינת העריכה של הוידאו; [וריאציות באוקוללה](https://youtu.be/sVlPPku_Avc); [הווריאציות של קורלי בביצוע אנדרס מוסטונן ומרינה מינקין](https://youtu.be/YqsACG3f_Wg).','[Jordi Savall kaj Hesperion XXI](https://youtu.be/1uf2z-5FnI8); [la variaĵoj de Corelli](https://youtu.be/_V8FQ_r39io); [ukulelaj variaĵoj](https://youtu.be/sVlPPku_Avc); [Andres Mustonen kaj Marina Minkin](https://youtu.be/YqsACG3f_Wg).','„לה פוליה” היא נושא מוזיקלי שזכה להיות משובץ ביצירותיהם של מלחינים רבים; חלקם כתבו לו וריאציות (כלומר, חזרות על אותו נושא בסיסי, כל פעם בלבוש שונה) וחלקם שלבו אותו ביצירות אחרות. הגרסה כאן מבוססת על הנושא הבסיסי שמוצג לפני [23 הווריאציות](http://imslp.org/wiki/12_Violin_Sonatas,_Op.5_(Corelli,_Arcangelo)) מאת [קורלי](https://he.wikipedia.org/wiki/ארכאנג''לו_קורלי), אחת הווריאציות וכן וריאציה משל ויוולדי.','«La Folia» estas muzika temo, kiun multaj komponsitoj uzis en siaj verkoj, kiel variaĵoj (t. e. ripetado de la sama baza temo, ĉiun fojon malsame) aŭ enteksita en aliaj verkoj. Ĉi tie estas la temo, kiu antaŭas la [23 variaĵoj](http://imslp.org/wiki/12_Violin_Sonatas,_Op.5_(Corelli,_Arcangelo)) far [Corelli](https://eo.wikipedia.org/wiki/Arcangelo_Corelli), unu variaĵo de Corelli kaj unu de Vivaldi.','vv',NULL,'vv',NULL,'vv','1/2',4,'em','+','e',NULL);
INSERT INTO "muzikaĵoj" VALUES('greensleeves','👕',NULL,'שרוולים ירוקים','Verdaj manikoj','Greensleeves','עממי','{\popola}',NULL,NULL,NULL,'לא ידוע/ה','{\nekonata}',NULL,NULL,NULL,'antikva',NULL,NULL,NULL,NULL,'[ערך בוויקיפדיה](https://he.wikipedia.org/wiki/Greensleeves).','https://eo.wikipedia.org/wiki/Greensleeves',NULL,NULL,NULL,'שיר עם באנגלית מהאי בריטניה המתבסס על הצורה המוסיקלית „רומנסקה”. הנעימה של השיר היא אחת המוכרות ביותר מתקופת הרנסנס.','Popola anglalingva kanto el la insulo Britio, bazante sur la muzika formo «romanesko». La melodio estas unu el la plej famaj de la Renesanco.','vv',NULL,'vv',NULL,'vv','2',4,'ador','+','g',NULL);
INSERT INTO "muzikaĵoj" VALUES('numi','😴',NULL,'נומי נומי','Ekdormu, mia filo',NULL,'יואל אנגל','Joel Engel',NULL,'https://he.wikipedia.org/wiki/%D7%99%D7%95%D7%90%D7%9C_%D7%90%D7%A0%D7%92%D7%9C',NULL,'יחיאל היילפרין','Jeĥiel Hajlperin',NULL,'https://he.wikipedia.org/wiki/%D7%99%D7%97%D7%99%D7%90%D7%9C_%D7%94%D7%99%D7%99%D7%9C%D7%A4%D7%A8%D7%99%D7%9F_%28%D7%9E%D7%97%D7%A0%D7%9A%29',NULL,'he','lulkanto','zemereshet','zemereshet','1:96',NULL,NULL,'344','[ביצוע בכלים עתיקים](https://youtu.be/-Vj6wsfS5No); [ביצוע דו־לשוני ודו־נעימתי (מרסל ח׳ליפה + יואל אנגל) של מקהלת ראנה/رانة](https://youtu.be/gkHnkrrUWGs).','[Ludanta per antikvaj instrumentoj](https://youtu.be/-Vj6wsfS5No); [du lingvoj, melodioj](https://youtu.be/gkHnkrrUWGs).','זה אחד משירי הערש שאמא שלי שרה לי בילדותי. הופתעתי לגלות שהגרסה שאני מכיר שונה מזו המקובלת. שתי הגרסאות מופיעות בספר: הראשונה היא גרסא דינקותא שלי והשניה הנפוצה.',NULL,'vv',NULL,'vv',NULL,'vv','1',4,'em','+','d',NULL);
INSERT INTO "muzikaĵoj" VALUES('lujehi','🌟',NULL,'לו יהי','Estus',NULL,'נעמי שמר','Naomi Ŝemer',NULL,'https://he.wikipedia.org/wiki/%D7%A0%D7%A2%D7%9E%D7%99_%D7%A9%D7%9E%D7%A8',NULL,'נעמי שמר','Naomi Ŝemer',NULL,'https://he.wikipedia.org/wiki/%D7%A0%D7%A2%D7%9E%D7%99_%D7%A9%D7%9E%D7%A8',NULL,'he',NULL,'[צילום כתב־יד](http://web.nli.org.il/sites/NLI/Hebrew/music/Naomi_Shemer/Songs/LuYehi/03a.jpg).','[Faksimilo de la manuskripto](http://web.nli.org.il/sites/NLI/Hebrew/music/Naomi_Shemer/Songs/LuYehi/03a.jpg).','2:156',NULL,NULL,NULL,NULL,NULL,NULL,NULL,'vv',NULL,'vv','v …חזרות','vv','1',6,'em',NULL,'g',NULL);
INSERT INTO "muzikaĵoj" VALUES('maman','🔤',NULL,'שאגיד לך, אמא?','Ha! ĉu mi diros al vi, panjo?','Ah~! vous dirai-je, maman','עממי','{\popola}',NULL,NULL,NULL,NULL,NULL,NULL,NULL,NULL,'popola',NULL,NULL,NULL,NULL,NULL,'https://eo.wikipedia.org/wiki/Ah_!_vous_dirai-je,_maman',NULL,NULL,NULL,'שיר ילדים עממי בצרפתית. לנעימה חוברו מילים שונות במגוון שפות (ביניהם ידועים The A.B.C ו־Twinkle, Twinkle, Little Star באנגלית), והיא הוותה השראה לווריאציות ולשיבוץ על־ידי מספר מלחינים, ביניהם מוצרט, יוהן כריסטוף פרדריך באך, סן־סנס וליסט.','Popola francalingva infankanto. Laŭ ĝia melodio estas varia kantotekstoj verkita, en kelkaj lingvoj (de kiuj la anglalingvaj kantoj «The A.B.C.» kaj «Twinkle, Twinkle, Little Star» estas tre famaj), kaj ĝi estis influo por variaĵoj aŭ enteksado per kelkaj komponistoj, kiel Mozart, Johann Christoph Friedrich Bach, Saint-Saëns kaj Liszt.','vv',NULL,'vv',NULL,'vv','1',4,'d',NULL,'X',NULL);
INSERT INTO "muzikaĵoj" VALUES('sade','🐎',NULL,'לשדה יצוא יצאתי','Barieroj','\Heb{באַריקאַדן}','עממי','{\popola}',NULL,NULL,NULL,'עממי','{\popola}',NULL,NULL,NULL,'he','lulkanto',NULL,NULL,NULL,NULL,NULL,'1770','[ביצוע של השיר מ־1948](http://ololo.fm/search/Shmerke+Kacherginsky+\%28And+Ruth+Rubin\%29/Barikadn+1948) בידי קאַטשערגינסקי ו[רות רובין](http://zemereshet.co.il/artist.asp?id=1642); [ביצוע מודרני](https://youtu.be/h7FZ-hvPRx8) בידי הלהקה [The Klezmatics](http://klezmatics.com/).','[Kantita](http://ololo.fm/search/Shmerke+Kacherginsky+\%28And+Ruth+Rubin\%29/Barikadn+1948) per Kaĉerginski kaj Rut Rubin; [kantita](https://youtu.be/h7FZ-hvPRx8) per la muzikgrupo [*The Klezmatics*](http://klezmatics.com/).','מקור הלחן לא ידוע, כמו גם מקור המילים העבריות. לאותו הלחן קיים גם שיר יידי, [באַריקאַדן](http://yidlid.org/chansons/barikadn/) „בריקדות”, פרי עטו של [שמערקע קאַטשערגינסקי](https://he.wikipedia.org/wiki/שמריהו_קצ''רגינסקי) (1908–1954), המתאר התקוממות של פועלים בלודז׳.','La origino de la melodio aŭ la hebrea kantoteksto estas nekonata. La sama melodio havas ankaŭ, jida, kantoteksto, [*Barikadn*](http://yidlid.org/chansons/barikadn/) «Barieroj», far Ŝmerke Kaĉerginski (1908–1954), kiu priskribas la laborista popolleviĝo en Lodzo.','vv',NULL,'vv',NULL,'vv','1',4,'d',NULL,'X',NULL);
INSERT INTO "muzikaĵoj" VALUES('sakura','🌸',NULL,'סקורה סקורה','Sakura Sakura','\Jap{さくらさくら}','עממי','{\popola}',NULL,NULL,NULL,NULL,NULL,NULL,NULL,NULL,'popola',NULL,'[תווים ומילים ביפנית](https://ja.wikisource.org/wiki/%E3%81%95%E3%81%8F%E3%82%89%E3%81%95%E3%81%8F%E3%82%89).','[Partituro kaj japanalingva kantoteksto](https://ja.wikisource.org/wiki/%E3%81%95%E3%81%8F%E3%82%89%E3%81%95%E3%81%8F%E3%82%89).',NULL,NULL,NULL,NULL,'[ביצוע בקוטו](https://youtu.be/JDTp_YQizqE).','[Ludanta per kotoo](https://youtu.be/JDTp_YQizqE).','שיר עם ביפנית, המתאר את פריחת עץ הדובדבן.','Popola japanalingva kanto, priskribante la florado de la ĉerizarbo.','vv',NULL,'vv',NULL,'vv','1',6,'e-phrygianminor',NULL,'g',NULL);
INSERT INTO "muzikaĵoj" VALUES('spagnoletto','\Lat{ñ}','ñ','לו ספניולטו','La hispaneto','Lo spagnoletto','אלמוני/ת','{\sennoma}',NULL,NULL,NULL,NULL,NULL,NULL,NULL,NULL,'antikva',NULL,'[טלבטורה ללאוטה](http://gerbode.net/sources/negri_nuove_inventione_1604/pdf/01_lo_spagnoletto.pdf).','[Tabulaturo por liuto](http://gerbode.net/sources/negri_nuove_inventione_1604/pdf/01_lo_spagnoletto.pdf).',NULL,NULL,NULL,NULL,'ריקוד: [א׳](https://youtu.be/m4_ANYw6Ljk), [ב׳](https://youtu.be/HIWbYaC3uzU); [בלאוטה](https://youtu.be/CWQJaX9oNxo).','Danco: [A](https://youtu.be/m4_ANYw6Ljk), [B](https://youtu.be/HIWbYaC3uzU); [per liuto](https://youtu.be/CWQJaX9oNxo).','הגרסה כאן מבוססת על אוסף המנגינות לריקודים שקיבץ צ׳זרה נגרי (1535 לערך – 1605 לערך), כטבלטורה ללאוטה.','Nia koncerna versio baziĝas sur la dancmuzikaĵaro far Cesare Negri (ĉ. 1535 – ĉ. 1605), kiel liutotabulaturo.','vv',NULL,'vv',NULL,'vv','1',4,'em','+','b',NULL);
INSERT INTO "muzikaĵoj" VALUES('partida','💔',NULL,'אני אשתגע (פרידה קשה)','Disiĝado','Partida','עממי','{\popola}',NULL,NULL,NULL,'אהוד מנור','Ehud Manor',NULL,'https://he.wikipedia.org/wiki/%D7%90%D7%94%D7%95%D7%93_%D7%9E%D7%A0%D7%95%D7%A8',NULL,'popola',NULL,'[„אני אשתגע!”](http://www.matticaspi.co.il/notes/bookanieshtagea.shtml).','[«Mi freneziĝos!»](http://www.matticaspi.co.il/notes/bookanieshtagea.shtml).',NULL,NULL,NULL,NULL,'[המקור](https://youtu.be/GYoPd5AXVPw); [נורית גלרון](https://youtu.be/KiI9epux8i8); [מתי כספי והפרברים](https://youtu.be/7nFm1zK9TX0). הקולקטיב [בארוקדה](http://barrocade.co.il/) ביצע את השיר באופן נפלא בקונצרט „לה פוליה” שלו; לא ידוע לי על הקלטה של הביצוע.','[La originalo](https://youtu.be/GYoPd5AXVPw); [Nurit Galron](https://youtu.be/KiI9epux8i8); [tri homoj kun tri gitaroj](https://youtu.be/7nFm1zK9TX0).',NULL,NULL,'vv',NULL,'xx',NULL,'vv','2',NULL,'em','+','a',NULL);
INSERT INTO "muzikaĵoj" VALUES('kalinka','❄',NULL,'קלינקה','Kalinka','\Rus{Калинка}','איבן לרינוב','Ivan Larinov','\Rus{Иван Ларионов}',NULL,NULL,NULL,NULL,NULL,NULL,NULL,'popola',NULL,NULL,NULL,NULL,'[ערך בווקיפדיה](https://he.wikipedia.org/wiki/%D7%A7%D7%9C%D7%99%D7%A0%D7%A7%D7%94).',NULL,NULL,NULL,NULL,NULL,NULL,'vv',NULL,'vv',NULL,'vv','1',4,'em',NULL,'e',NULL);
INSERT INTO "muzikaĵoj" VALUES('grutiada','🔧',NULL,'גרוטיאדה','Grutiada',NULL,'דפנה אילת','Dafna Ejlat',NULL,'https://he.wikipedia.org/wiki/%D7%93%D7%A4%D7%A0%D7%94_%D7%90%D7%99%D7%9C%D7%AA',NULL,NULL,NULL,NULL,NULL,NULL,'he',NULL,NULL,NULL,NULL,NULL,NULL,NULL,'[בתוך הפרק](https://youtu.be/R7Vwr9LNZGk?t=21m42s).','[Filmeto](https://youtu.be/R7Vwr9LNZGk?t=21m42s).',NULL,NULL,'vv',NULL,'xritmo',NULL,'vv','1',4,'d',NULL,'e',NULL);
INSERT INTO "muzikaĵoj" VALUES('rakevet','🚂',NULL,'הנה באה הרכבת','Jen la traĵno venas',NULL,'עממי','{\popola}',NULL,NULL,NULL,'לא ידוע/ה','{\nekonata}',NULL,NULL,NULL,'he',NULL,NULL,NULL,NULL,NULL,NULL,'1703','[ביצוע](https://youtu.be/boB9RRbbsG4) עבור הספר [עודני ילד](http://www.headstart.co.il/projectcomments.aspx?id=14052) של [בית־ההבראה לצעצועים](https://www.facebook.com/ChildhoodMuseum).','[Per gitaro, saksofono trumpeto kaj kantado](https://youtu.be/boB9RRbbsG4).',NULL,NULL,'vv',NULL,'vv',NULL,'vv','1',4,'d',NULL,'X',NULL);
INSERT INTO "muzikaĵoj" VALUES('rosa','🌹',NULL,'השושן הפורח','La ekfloranta rozo','La Rosa Enflorece','עממי','{\popola}',NULL,NULL,NULL,'עממי','{\popola}',NULL,NULL,NULL,'popola',NULL,'[ABC](http://www.campin.me.uk/Music/Chalumeau.abc).','[ABC](http://www.campin.me.uk/Music/Chalumeau.abc).',NULL,NULL,NULL,NULL,'[אנסמבל פונטגרה](https://youtu.be/nXAeA-UiMHo); [נני](https://youtu.be/SIp8svNlpOg); [ג׳ו עמאר](https://youtu.be/tMfBDMuSCgM).','[Ensemblo «Fontegara»](https://youtu.be/nXAeA-UiMHo); [Nani](https://youtu.be/SIp8svNlpOg); [Ĝo Amar](https://youtu.be/tMfBDMuSCgM).',NULL,NULL,'vv',NULL,'vv',NULL,'vv','1',6,'e-phrygian','(+)','d','http://www.classical-scene.com/2012/12/18/sephardic/');
INSERT INTO "muzikaĵoj" VALUES('škedija','🌸',NULL,'השקדיה פורחת','La migdalarbo floras',NULL,'מנשה רבינא','Menaŝe Ravina',NULL,'https://he.wikipedia.org/wiki/%D7%9E%D7%A0%D7%A9%D7%94_%D7%A8%D7%91%D7%99%D7%A0%D7%90',NULL,'ישראל דושמן','Jisrael Duŝman',NULL,'https://he.wikipedia.org/wiki/%D7%99%D7%A9%D7%A8%D7%90%D7%9C_%D7%93%D7%95%D7%A9%D7%9E%D7%9F',NULL,'he',NULL,'zemereshet','zemereshet',NULL,NULL,NULL,'244',NULL,NULL,'השם „שְׁקֵדִיָּה” לעץ השקד מקורו בשירי הילדים העבריים של תחילת המאה העשרים. המילה הופיעה בשני שירי ילדים מוקדמים: האחד הוא „לשנה טובה, שקדיה” מאת לוין קיפניס משנת 1920; השני, והמוכר יותר, הוא „השקדיה פורחת” מאת ישראל דושמן. ככל הנראה הראשון הוא שחידש את המילה, אבל השני, שנהיה מוכר ואהוב יותר, הוא כנראה האחראי להפצת המילה. [מקור](http://safa-ivrit.org/flora/shkediya.php).','Noto pri la hebrea nomo de la kanto, «Ha Ŝkedija Poraĥat»: la hebrea nomo «ŝkedija» por la migdalarbo («(ec) ŝaked») originas el la hebreaj infanaj kantoj de la frua 20-a jarcento, unu el ili estas tio ĉi.','vv',NULL,'vv',NULL,'vv','1',4,'d',NULL,'d',NULL);
INSERT INTO "muzikaĵoj" VALUES('aves','\emojione{🦆}','🦆','העורבים והברבור','La korvoj kaj la cigno','Three Ravens / Twa Corbies / An Alarc’h','עממי','{\popola}',NULL,NULL,NULL,NULL,NULL,NULL,NULL,NULL,'popola',NULL,'[ABC](http://abcnotation.com/tunePage?a=www.atrilcoral.com/Partituras_ABC/t.zip/t/); [the Session](https://thesession.org/tunes/10231).','[ABC](http://abcnotation.com/tunePage?a=www.atrilcoral.com/Partituras_ABC/t.zip/t/); [the Session](https://thesession.org/tunes/10231).',NULL,'[ערך בוויקיפדיה](https://he.wikipedia.org/wiki/%D7%A9%D7%9C%D7%95%D7%A9%D7%94_%D7%91%D7%A0%D7%99_%D7%A2%D7%95%D7%A8%D7%91).',NULL,NULL,'[הדודאים ושות׳](https://youtu.be/sCWMgMlKLhA).','[Ha Dudaim+](https://youtu.be/sCWMgMlKLhA).','שני שירים. האחד בלדה עממית באנגלית בשם „שלושה עורבים” מהאי בריטניה (מס׳ צ׳יילד 26, מס׳ ראוד 5); הודפסה לראשונה בשנת 1611 בקובץ Melismata שליקט המלחין תומס רייבנזקרופט. מילות השיר תורגמו פעמיים לעברית: על־ידי נתן אלתרמן ועל־ידי יעקב שבתאי (תרגום שזכה לביצוע על־ידי הדודאים ושות׳). השני, שיר בשם „הברבור” (An Alarc’h בברטונית), או „שני עורבים”.','Du kantoj. La unua estas popola anglalingva balado el la insulo Britio (Child 26, Roud 5); unuafoje presita en 1611 en la muzikaĵaro «Melismata» far Thomas Ravenscroft. La dua estas la bretona lingva kanto An Alarc’h «La Cigno».','vv',NULL,'vv',NULL,'vv','2',6,'bm','+','a',NULL);
INSERT INTO "muzikaĵoj" VALUES('sanpo','🐛',NULL,'השכן שלי טוטורו: סמפו','Mia najbaro Totoro: Sanpo','\Jap{となりのトトロ：さんぽ}','ג׳ו היסאישי','Ĝo Hisaiŝi','\Jap{久石譲}','https://he.wikipedia.org/wiki/%D7%92%27%D7%95_%D7%94%D7%99%D7%A1%D7%90%D7%99%D7%A9%D7%99','https://eo.wikipedia.org/wiki/Joe_Hisaishi',NULL,NULL,NULL,NULL,NULL,'filmoj',NULL,'[MuseScore](https://musescore.com/user/264231/scores/245391).','[MuseScore](https://musescore.com/user/264231/scores/245391).',NULL,NULL,NULL,NULL,'[מהסרט](https://youtu.be/YdUD3TUxR5E).','[El la filmo](https://youtu.be/YdUD3TUxR5E).','נעימת הפתיחה של הסרט, שמנוגנת כשרצות הכתוביות.','La melodio de la komenco de la filmo, ludita dum la komencaj titoloj aperas.','vv',NULL,'vv',NULL,'vv','1/2',4,'d','+','d''',NULL);
INSERT INTO "muzikaĵoj" VALUES('tordion','🔀',NULL,'טורדיון','Tordiono','Tordion','אלמוני/ת','{\sennoma}',NULL,NULL,NULL,NULL,NULL,NULL,NULL,NULL,'antikva',NULL,'[IMSLP](http://imslp.org/wiki/Quand_je_bois_du_vin_clairet_%28Anonymous%29).','[IMSLP](http://imslp.org/wiki/Quand_je_bois_du_vin_clairet_%28Anonymous%29).',NULL,NULL,NULL,NULL,'[ולרי סובז׳ בלאוטה](https://youtu.be/B4nx14gvvlE); [וקליקה בשירה](https://youtu.be/mvsC3Q3n2nQ); [PerKelt](https://youtu.be/w65mknhz0UA).','[Valéry Sauvage (liuto)](https://youtu.be/B4nx14gvvlE); [Vocalica (kantado)](https://youtu.be/mvsC3Q3n2nQ); [PerKelt](https://youtu.be/w65mknhz0UA).','טורדיון (מ־tordre בצרפתית, „לפתל”) הוא ריקוד, במקצב משולש, שהיה נפוץ בחלקים של אירופה בתקופת הרנסנס; דומה לריקוד גליארד אבל מהיר וחלק ממנו. הטורדיון המפורסם ביותר כיום הוא זה שעובד כאן; המלחין לא ידוע, והתווים הודפסו בשנת 1530 על־ידי המדפיס [פייר אטניין](https://he.wikipedia.org/wiki/פייר_אטניין) כחלק מ„לה מגדלנה”.','Tordiono (el «tordre» (tordi) en la franca lingvo) estas tritakta danco, kiu estis disvastiĝinta en partoj de Eŭropo en la Renesanco; ĝi estas simila al la galjardo, sed estas pli rapida kaj pli glata. Nuntempe, la plej fama tordiono estas tiu, kiu estas aranĝita tie ĉi; la komponisto estas nekonata, kaj la muzikaĵo estis presita en 1530 per la presisto [Pierre Attaignant](https://eo.wikipedia.org/wiki/Pierre_Attaignant), kiel parto de «La Magdalena».','vv','v (first iteration)','vv',NULL,'vv','1',4,'em',NULL,'d',NULL);
INSERT INTO "muzikaĵoj" VALUES('wilsons','❦',NULL,'וילסון׳ז ויילד','Wilson’s Wilde',NULL,'אלמוני/ת','{\sennoma}',NULL,NULL,NULL,NULL,NULL,NULL,NULL,NULL,'antikva',NULL,'[טבלטורה ללאוטה](http://www.cs.dartmouth.edu/~wbc/tab-serv/tablature.cgi?Misc_English/WilsonsWilde.pdf).','[Tabulaturo por liuto](http://www.cs.dartmouth.edu/~wbc/tab-serv/tablature.cgi?Misc_English/WilsonsWilde.pdf).',NULL,NULL,NULL,NULL,'[בלאוטה](https://youtu.be/bC4hWLb3ZZw).','[Per liuto](https://youtu.be/bC4hWLb3ZZw).','הקול הראשון של הנעימה, מתקופת הרנסנס, מתוך הטבלטורה שבספר הלאוטה של סמפסון.','La unua voĉo de la renesanca muzikaĵo de la tabulaturo el la Libro de la Liuto de Sampsono.','vv','v (first iteration)','vv',NULL,'vv','1',4,'d',NULL,'d',NULL);
INSERT INTO "muzikaĵoj" VALUES('lišon','💤',NULL,'פלא: איך אוכל להמשיך לישון עכשיו','Mirindaĵo: Kiel mi povus dormi nun',NULL,'שי בן־צור','Ŝaj Ben-Cur',NULL,NULL,NULL,'שי בן־צור','Ŝaj Ben-Cur',NULL,NULL,NULL,'albumoj',NULL,NULL,NULL,NULL,'[מילים באתר של עלמה זהר](http://www.almazohar.co.il/pele-01).','[Kantoteksto en la retejo de Alma Zohar](http://www.almazohar.co.il/pele-01).',NULL,'[ב־bandcamp](https://almazoharmusic.bandcamp.com/track/--18).','[Ĉe bandcamp](https://almazoharmusic.bandcamp.com/track/--18).','מי שיוכל לעזור להתאים את המקצב, שטיפה off בכמה מקומות, תבוא עליו הברכה אמן סלה.',NULL,'vv',NULL,'xritmo?',NULL,'vv','1',6,'g',NULL,'e',NULL);
INSERT INTO "muzikaĵoj" VALUES('dream','💭',NULL,'שמור לך חלום קטן','Sonĝetu pri mi','Dream a Little Dream of Me','וילבור שוואנט ופאביאן אנדרה','Fabian Andre kaj Wilbur Schwandt',NULL,NULL,NULL,'גאס קאן','Gus Kahn',NULL,NULL,NULL,'misc',NULL,'[MuseScore](https://musescore.com/user/206846/scores/1183256).','[MuseScore](https://musescore.com/user/206846/scores/1183256).',NULL,NULL,NULL,NULL,'[חוה אלברשטיין בעברית](https://youtu.be/qd0kh_pV_VU); [אמיליה מיטיקו באנגלית](https://youtu.be/LsLrUkIGNp4).','[Ĥava Alberŝtejn](https://youtu.be/qd0kh_pV_VU) (hebrealingva); [Emilia Mitiku](https://youtu.be/LsLrUkIGNp4) (anglalingva).',NULL,NULL,'vv',NULL,'xritmo',NULL,'vv','1',6,'d','+','b',NULL);
INSERT INTO "muzikaĵoj" VALUES('eser','👐',NULL,'עשר אצבעות','Dec fingroj',NULL,'דוד זהבי','David Zehavi',NULL,'https://he.wikipedia.org/wiki/%D7%93%D7%95%D7%93_%D7%96%D7%94%D7%91%D7%99',NULL,'רבקה דוידית','Rivka Davidit',NULL,'https://he.wikipedia.org/wiki/%D7%A8%D7%91%D7%A7%D7%94_%D7%93%D7%95%D7%99%D7%93%D7%99%D7%AA',NULL,'he',NULL,NULL,NULL,NULL,NULL,NULL,'906',NULL,NULL,'בניכוי הבית האחרון…',NULL,'vv',NULL,'vv',NULL,'vv','1',4,'g',NULL,'d',NULL);
INSERT INTO "muzikaĵoj" VALUES('boogie','💃',NULL,'אוגי בוגי','Ugobugo','Hokey cokey','עממי','{\popola}',NULL,NULL,NULL,NULL,NULL,NULL,NULL,NULL,'popola',NULL,NULL,NULL,NULL,NULL,NULL,NULL,NULL,NULL,'כצפוי משיר תנועה כזה, יש לו אלף שמות ואלף וריאציות. בחרתי לכאן את מה שאני מכיר.','Ĉar ĝi estas popola mov-kanto, ĝis havas miloj da nomoj kaj miloj da variaĵoj. Ĉi tie estas la unu, kiun mi konas.','vv',NULL,'vv',NULL,'vv','1',4,'g','+','X',NULL);
INSERT INTO "muzikaĵoj" VALUES('rodrigo','🐄',NULL,'רודריגו מרטינז','Rodrigo Martinez',NULL,'אלמוני/ת','{\sennoma}',NULL,NULL,NULL,'אנונימי','{\sennoma}',NULL,NULL,NULL,'antikva',NULL,'[עיבוד לטנור, בריטון ובס בליווי כלי](http://www2.cpdl.org/wiki/index.php/Rodrigo_Martinez_%28Anonymous%29).','[Aranĝado por tenoro, baritono kaj baso kun instrumenta akompanado](http://www2.cpdl.org/wiki/index.php/Rodrigo_Martinez_%28Anonymous%29).',NULL,NULL,NULL,NULL,'[ביצוע אינסטרומנטלי על כלים היסטוריים](https://youtu.be/2dxy6fcXXog); [ביצוע בשירה ובנגינה](https://youtu.be/_kRT2EhjomY).','[Ludanta per historiemaj instrumentoj](https://youtu.be/2dxy6fcXXog); [per voĉo kaj instrumentoj (nehistoriema)](https://youtu.be/_kRT2EhjomY).','שיר בצורה הקרויה villancico. נשמר בכתב־היד Cancionero de Palacio, שנכתב על־ידי מספר אנשים מסוף המאה ה־15 ועד תחילת ה־16 ובו 458 יצירות. במאה ה־19 התגלה כתב־היד בספריה המלכותית של הארמון המלכותי במדריד על־ידי המלחין והמוזיקולוג Barbieri, שהוציא מהדורה שלו ב־1890. „רודריגו מרטינז”, שיר שמספר על שוטה שחשב שאווזים הם פרות, הוא היצירה ה־400 לפי האינדקס של ברביירי, והוא מופיע בצורה חסרה בכתב־היד: חסר עמוד אחד, ורק שניים מהקולות מופיעים.','Kanto de la muzika kaj poezia formo [villancico](https://eo.wikipedia.org/wiki/Villancico). Ĝi konservis en la manuskripto [Cancionero de Palacio](https://eo.wikipedia.org/wiki/Cancionero_de_Palacio) (Kanzonaro de Palaco), kiu estis skribata el la fino de la 15-a jarcento al la komenco de la 16-a per kelkaj popoloj, kaj havas 458 muzikaĵoj. En la 19-a jarcento la komponisto kaj muzikologisto [Barbieri](https://eo.wikipedia.org/wiki/Francisco_Asenjo_Barbieri) malkovris la manuskripton en la Reĝa Biblioteko en la [Reĝa Palaco de Madrido](https://eo.wikipedia.org/wiki/Re%C4%9Da_Palaco_de_Madrido), kaj eldonis ĝin en 1890. «Rodrigo Martinez», kiu rekontas pri stultulo kiu pensis anasoj estas bovoj, estas la 400-a muzikaĵo laŭ la numerado de Barbieri, kaj ĝi estas nekompleta en la manuskripto: unu paĝo malestas, kaj nur du voĉoj estas.','vv','v-?','vv',NULL,'vv','1',4,'edor','+','X',NULL);
INSERT INTO "muzikaĵoj" VALUES('berale','🐌',NULL,'ברל׳ה ברל׳ה','Heliko heliko',NULL,'עממי','{\popola}',NULL,NULL,NULL,NULL,NULL,NULL,NULL,NULL,'he',NULL,NULL,NULL,NULL,NULL,NULL,'4312','[ביצוע רוק](https://youtu.be/glF11q8DNnw).','[Rok-muzika](https://youtu.be/glF11q8DNnw).','המנגינה הכי פשוטה בספר, ללא ספק…','La plu simpla melodio en la libro, certe…','vv',NULL,'vv',NULL,'vv','1',4,'d',NULL,'X',NULL);
INSERT INTO "muzikaĵoj" VALUES('akatonbo','🐝',NULL,'השפירית האדומה','La ruĝa libelo','\Jap{赤とんぼ}','קוסקו ימדה','Kōsaku Jamada','\Jap{山田耕筰}',NULL,NULL,'רופו מיקי','Rofū Miki','\Jap{三木露風}',NULL,NULL,'popola',NULL,'[מוויקיפדיה ביפנית](https://ja.wikisource.org/wiki/%E8%B5%A4%E3%81%A8%E3%82%93%E3%81%BC); [תווים לקוטו](http://koto.sapp.org/dict/akatonbo/).','[De la japana lingva Vikipedio](https://ja.wikisource.org/wiki/%E8%B5%A4%E3%81%A8%E3%82%93%E3%81%BC); [por kotoo](http://koto.sapp.org/dict/akatonbo/).',NULL,NULL,NULL,NULL,'[דואו](https://youtu.be/XiFkyR35v2Y); [סרט קצר](https://youtu.be/jLjB3yZis8U).','[Duo](https://youtu.be/XiFkyR35v2Y); [mallonga filmo](https://youtu.be/jLjB3yZis8U).',NULL,NULL,'vv',NULL,'xx',NULL,'vv','2',NULL,'g',NULL,'g',NULL);
INSERT INTO "muzikaĵoj" VALUES('scarborough','🌿',NULL,'יריד סקרבורו','La foiro de Skarboro','Scarborough Fair','עממי','{\popola}',NULL,NULL,NULL,NULL,NULL,NULL,NULL,NULL,'popola',NULL,NULL,NULL,NULL,NULL,NULL,NULL,'[אוקוללה־נבל](https://youtu.be/Xxzjjj-tGM0).','[Harpo-ukulelo](https://youtu.be/Xxzjjj-tGM0).',NULL,NULL,'vv',NULL,'vv',NULL,'vv','1',6,'em','=','e',NULL);
INSERT INTO "muzikaĵoj" VALUES('maya','💧',NULL,'הוולס של מיה','La valso de Maya','Maya’s Waltz','עממי','{\popola}',NULL,NULL,NULL,NULL,NULL,NULL,NULL,NULL,'popola',NULL,'[באתר The Session](https://thesession.org/tunes/12659).','[En la retejo «The Session»](https://thesession.org/tunes/12659).',NULL,NULL,NULL,NULL,'[אליס ברן ואנתוני רוב](https://youtu.be/vOg93tdh0Ms).','[Alice Burn kaj Anthony Robb](https://youtu.be/vOg93tdh0Ms).',NULL,NULL,'vv',NULL,'vv',NULL,'vv','1',6,'edor',NULL,'e',NULL);
INSERT INTO "muzikaĵoj" VALUES('espero','★',NULL,'התקווה','La Espero',NULL,'פליסיאן מנו דה מניל','Félicien Menu de Ménil',NULL,NULL,'https://eo.wikipedia.org/wiki/F%C3%A9licien_Menu_de_M%C3%A9nil','לודוויג לייזער זמנהוף','Ludwik Lejzer Zamenhof',NULL,'https://he.wikipedia.org/wiki/%D7%90%D7%9C%D7%99%D7%A2%D7%96%D7%A8_%D7%9C%D7%95%D7%93%D7%95%D7%95%D7%99%D7%92_%D7%96%D7%9E%D7%A0%D7%94%D7%95%D7%A3','https://eo.wikipedia.org/wiki/L._L._Zamenhof','misc',NULL,NULL,NULL,NULL,NULL,NULL,NULL,'[מקהלה](https://youtu.be/mk-0D3D75Ao); [סגנון חדש](https://youtu.be/OJic1G6TacY).','[Ĥoro](https://youtu.be/mk-0D3D75Ao); [nova stilo](https://youtu.be/OJic1G6TacY).','דה־פקטו, המנון תנועת האספרנטו. הרבה יותר מוצלח מההמנון הציוני הנושא את אותו שם…','La laŭfakta himno de la Esperanto-movado. Tio estas tre pli bona ol la cionisma himno de la sama nomo…','vv',NULL,'xx',NULL,'vv','2',NULL,'g','+','a',NULL);
INSERT INTO "muzikaĵoj" VALUES('jakinton','🌛',NULL,'פזמון ליקינתון','Kanto al la hiacinto',NULL,'רבקה גְּוִילי','Rivka Gvili',NULL,'https://he.wikipedia.org/wiki/%D7%A8%D7%91%D7%A7%D7%94_%D7%92%D7%95%D7%99%D7%9C%D7%99-%D7%91%D7%A8%D7%95%D7%99%D7%93%D7%90',NULL,'לאה גולדברג','Lea Goldberg',NULL,'https://he.wikipedia.org/wiki/%D7%9C%D7%90%D7%94_%D7%92%D7%95%D7%9C%D7%93%D7%91%D7%A8%D7%92','https://eo.wikipedia.org/wiki/Lea_Goldberg','he','lulkanto','zemereshet','zemereshet',NULL,'[ערך בוויקיפדיה](https://he.wikipedia.org/wiki/%D7%A4%D7%96%D7%9E%D7%95%D7%9F_%D7%9C%D7%99%D7%A7%D7%99%D7%A0%D7%AA%D7%95%D7%9F).',NULL,'555',NULL,NULL,NULL,NULL,'vv',NULL,'vv',NULL,'vv','1',6,'g-majpent',NULL,'e',NULL);
INSERT INTO "muzikaĵoj" VALUES('lamma','𐤋',NULL,'למא בדא יתת׳נה','Lammā badā yataþanna','\Ara{لما بدا يتثنّى}','עממי','{\popola}',NULL,NULL,NULL,NULL,NULL,NULL,NULL,NULL,'popola',NULL,NULL,NULL,NULL,NULL,NULL,NULL,NULL,NULL,'אוקליקלות: האצבוע קצת אקספרימנטלי. ניסיתי לתת לצלילים הכפולים להשמע ולהדהד בלי קיטוע, באופן שמנסה אולי קצת לחכות את המיתרים הכפולים בעוד.',NULL,'vv',NULL,'vv',NULL,'vv','2',6,'fis-phrygian','+','g',NULL);
INSERT INTO "muzikaĵoj" VALUES('zakan','👹',NULL,'שיר המסיכות','La kanto de la maskoj',NULL,'נחום נרדי','Naĥum Nardi',NULL,'https://he.wikipedia.org/wiki/%D7%A0%D7%97%D7%95%D7%9D_%D7%A0%D7%A8%D7%93%D7%99',NULL,'לוין קיפניס','Levin Kipnis',NULL,'https://he.wikipedia.org/wiki/%D7%9C%D7%95%D7%99%D7%9F_%D7%A7%D7%99%D7%A4%D7%A0%D7%99%D7%A1',NULL,'he',NULL,NULL,NULL,NULL,NULL,NULL,'232',NULL,NULL,NULL,NULL,'vv',NULL,'vv',NULL,'vv','1',4,'em',NULL,'d',NULL);
INSERT INTO "muzikaĵoj" VALUES('gilgulim','🐜',NULL,'פלא: גלגולים','Mirindaĵo: Aliformiĝoj',NULL,'עלמה זהר','Alma Zohar',NULL,'https://he.wikipedia.org/wiki/%D7%A2%D7%9C%D7%9E%D7%94_%D7%96%D7%94%D7%A8',NULL,'עלמה זהר','Alma Zohar',NULL,'https://he.wikipedia.org/wiki/%D7%A2%D7%9C%D7%9E%D7%94_%D7%96%D7%94%D7%A8',NULL,'albumoj',NULL,NULL,NULL,NULL,'[מילים באתר של עלמה זהר](http://www.almazohar.co.il/pele-02).','[Kantoteksto en la retejo de Alma Zohar](http://www.almazohar.co.il/pele-02).',NULL,'[ב־bandcamp](https://almazoharmusic.bandcamp.com/track/--19).','[Ĉe bandcamp](https://almazoharmusic.bandcamp.com/track/--19).',NULL,NULL,'vv',NULL,'vv',NULL,'vv','1',4,'d',NULL,'d',NULL);
INSERT INTO "muzikaĵoj" VALUES('arirang','☯',NULL,'ארירנג','Arirang','\Kor{아리랑}','עממי','{\popola}',NULL,NULL,NULL,NULL,NULL,NULL,NULL,NULL,'popola',NULL,'[ABC](http://trillian.mit.edu/~jc/music/abc/Intl/waltz/Arirang_G.abc).','[ABC](http://trillian.mit.edu/~jc/music/abc/Intl/waltz/Arirang_G.abc).',NULL,NULL,'[Ĉe Vikipedio](https://eo.wikipedia.org/wiki/Arirang).',NULL,'[פירי וגיטרה](https://youtu.be/4kdt9w3upCI).','[Pirio kaj gitaro](https://youtu.be/4kdt9w3upCI).',NULL,NULL,'vv',NULL,'vv',NULL,'vv','1',4,'g',NULL,'d',NULL);
INSERT INTO "muzikaĵoj" VALUES('mithrandir','🔥',NULL,'קינה לגאנדאלף','Lamento por Gandalf','Naergon na Vithrandir','יודה רונן','Júda Ronén',NULL,NULL,NULL,NULL,NULL,NULL,NULL,NULL,'mia',NULL,'[תווים](http://tolkien.digitalwords.net/naremarde/voc/mithrandir/mithrandir.html).','[Partituro](http://tolkien.digitalwords.net/naremarde/voc/mithrandir/mithrandir.html).',NULL,NULL,NULL,NULL,'[עיבוד לשתי גיטרות](http://tolkien.digitalwords.net/naremarde/Backup/Outer/693815594.MP3).','[Aranĝado por du gitaroj](http://tolkien.digitalwords.net/naremarde/Backup/Outer/693815594.MP3).',NULL,NULL,'x',NULL,NULL,NULL,NULL,'1',NULL,NULL,NULL,NULL,NULL);
INSERT INTO "muzikaĵoj" VALUES('pony','🎠',NULL,'הסוסון המרקד','La kapriolema poneo','I Rocheg Gabel','יודה רונן','Júda Ronén',NULL,NULL,NULL,NULL,NULL,NULL,NULL,NULL,'mia',NULL,'[תווים](http://tolkien.digitalwords.net/naremarde/voc/pony/pony.html).','[Partituro](http://tolkien.digitalwords.net/naremarde/voc/pony/pony.html).',NULL,NULL,NULL,NULL,NULL,NULL,NULL,NULL,'x',NULL,NULL,NULL,NULL,'2',NULL,NULL,NULL,NULL,NULL);
INSERT INTO "muzikaĵoj" VALUES('birthday','🎈',NULL,'יום הולדת שמח','Feliĉan naskiĝtagon','Happy Birthday to You','לא ידוע/ה','{\nekonata}',NULL,NULL,NULL,'לא ידוע','{\nekonata}',NULL,NULL,NULL,'popola','naskiĝtago',NULL,NULL,NULL,'[ערך בוויקיפדיה](https://he.wikipedia.org/wiki/%D7%99%D7%95%D7%9D_%D7%94%D7%95%D7%9C%D7%93%D7%AA_%D7%A9%D7%9E%D7%97).','[artikolo en Vikipedio](https://eo.wikipedia.org/wiki/Bondezirojn_al_vi).',NULL,'[ילד שר את השיר בשש שפות, בליווי אוקוללה](https://youtu.be/CQoE4bnpBCk).','[Infano kantante la kanton en ses lingvoj, kun ukulele](https://youtu.be/CQoE4bnpBCk)','לפי ספר השיאים של גינס, השיר הזה הוא השיר הידוע ביותר בשפה האנגלית. הזהות של מי שהלחינו את המנגינה, או חיברו את המילים (הטריוויאליות), לא ברורה באופן מוחלט, וכנראה תשאר בערפילי ההיסטוריה.','Laŭ la Guinness-libro de rekordoj, tiu ĉi kanto estas la plej konata anglalingva kanto. La idento de la komponisto kaj la verkisto de la kantoteksto (kiu sincere estas… banala) ne estas definitiva.','vv',NULL,'vv','v (-akordoj)','vv','1',4,'g',NULL,'d',NULL);
INSERT INTO "muzikaĵoj" VALUES('bwv1067-badinerie','\emojione{🦉}','🦉','בדינרי בסי מינור','Badinerie (b-minoro)','BWV 1067','יוהאן סבסטיאן באך','Johann Sebastian Bach',NULL,'https://he.wikipedia.org/wiki/%D7%99%D7%95%D7%94%D7%90%D7%9F_%D7%A1%D7%91%D7%A1%D7%98%D7%99%D7%90%D7%9F_%D7%91%D7%90%D7%9A','https://eo.wikipedia.org/wiki/Johann_Sebastian_Bach',NULL,NULL,NULL,NULL,NULL,'klasika',NULL,'[IMSLP](http://imslp.org/wiki/Orchestral_Suite_No.2_in_B_minor,_BWV_1067_%28Bach,_Johann_Sebastian%29); [MuseScore](https://musescore.com/user/58480/scores/698281).','[IMSLP](http://imslp.org/wiki/Orchestral_Suite_No.2_in_B_minor,_BWV_1067_%28Bach,_Johann_Sebastian%29); [MuseScore](https://musescore.com/user/58480/scores/698281).',NULL,NULL,NULL,NULL,'[בכלים תקופתיים](https://youtu.be/Kl6R4Ui9blc); [בכלים לא תקופתיים](https://youtu.be/G50u9syopYg) (חלילף ואוקוללה).','[Per historiemaj instrumentoj](https://youtu.be/Kl6R4Ui9blc); [per nehistoriemaj instrumentoj](https://youtu.be/G50u9syopYg) (nazfluto kaj ukulelo).',NULL,NULL,'vv',NULL,'xx',NULL,'vv','3',NULL,'g','+','g',NULL);
INSERT INTO "muzikaĵoj" VALUES('jomuledet','🌼',NULL,'היום יום־הולדת','Hodiaŭ estas naskiĝtago',NULL,'ורדה גלבוע','Varda Gilboa',NULL,'http://www.zemereshet.co.il/artist.asp?id=2780',NULL,'בנציון רסקין','Bencijon Raskin',NULL,'https://he.wikipedia.org/wiki/%D7%91%D7%A0%D7%A6%D7%99%D7%95%D7%9F_%D7%A8%D7%A1%D7%A7%D7%99%D7%9F',NULL,'he','naskiĝtago',NULL,NULL,NULL,NULL,NULL,'4501',NULL,NULL,'מילות השיר, שנכתבו על־ידי ב. רסקין, והתווים, שנכתבו על־ידי ורדה גלבוע, [חרותים על המצבה של המלחינה](http://inature.info/wiki/file:Nachalat_yitzhak_cemetry6.jpg). השיר התפרסם לראשונה בספרון שיצא בשנת 1950.','La kantoteksto, kiun skribis B. Raskin, kaj la muziknotoj estas [gravurita sur la tomboŝtono de la komponisto](http://inature.info/wiki/file:Nachalat_yitzhak_cemetry6.jpg), Varda Gilboa. La kanto aperis publike unue en libreto, kiu estis eldonita en 1950.','vv',NULL,'vv','v','vv','1',4,'d',NULL,'d',NULL);
INSERT INTO "muzikaĵoj" VALUES('jonatan','🌳',NULL,'יונתן הקטן','Hanseto la malgranda','Hänschen klein','עממי','{\popola}',NULL,NULL,NULL,NULL,NULL,NULL,NULL,NULL,'popola',NULL,NULL,NULL,NULL,'[ערך בוויקיפדיה](he.wikipedia.org/wiki/יונתן_הקטן).',NULL,'2605',NULL,NULL,'מילות השיר העבריות נכתבו על־ידי ישראל דושמן. השיר המקורי, Hänschen klein „הַנְס הקטן”, נכתב בגרמנית על־ידי פרנץ וידמן (1821–1882); מקור המנגינה, שמתועדת לפני כן למילים אחרות, אינו ידוע. לשיר גם גרסה ביידיש (הערשל קליין „הרשל הקטן”; ר׳ ב[זמרשת](http://zemer.co.il/song.asp?id=2605)) ובקוריאנית (나비야 „הו, פרפר”).','Tiu ĉi kanto havas versioj al kelkaj lingvoj. La originalo estas germanalingva (*Hänschen klein* «Hanseto la malgranda»), far Franz Wiedemann (1821–1882), kaj estas hebrealingva (יונתן הקטן «Jonatan la malgranda»), jidalingva (הערשל קליין «Herŝel la malgranda») kaj korealingva (나비야 «Papilio!») versioj.','vv',NULL,'vv',NULL,'vv','1',4,'d',NULL,'a',NULL);
INSERT INTO "muzikaĵoj" VALUES('rakefet','⚘',NULL,'הרקפת','La ciklameno',NULL,'עממי','{\popola}',NULL,NULL,NULL,'לוין קיפניס','Levin Kipnis',NULL,'https://he.wikipedia.org/wiki/%D7%9C%D7%95%D7%99%D7%9F_%D7%A7%D7%99%D7%A4%D7%A0%D7%99%D7%A1',NULL,'he',NULL,NULL,NULL,'1:104','[ערך בוויקיפדיה](https://he.wikipedia.org/wiki/רקפת_(שיר)).',NULL,'2751',NULL,NULL,'שיר ילדים שכתב המשורר והסופר לוין קיפניס למנגינה, עממית, של שיר שחיבר זלמן שניאור ביידיש ובעברית, „מאַרגאַריטקעלעך” / „מרגניות”. הרקע לכתיבת השיר הוא ביקורו של קיפניס במטולה בחורף 1921. בערב אחד ראה חבורת נערים ונערות שרים יחד, וכאשר ביקש לבקר במפל התנור פנתה אליו בת־שבע, המוזכרת בשיר, והציעה ללוות אותו. קיפניס התרגש מהמקום, מהאווירה ומהרקפות והחליט לכתוב את השיר. [על הרקפת](http://wildflowers.co.il/hebrew/plant.asp?ID=61), הפרח והשיר.','Infana kanto, kiun verkis la poeto kaj verkisto Levin Kipnis laŭ la popola melodio de la kanto «Margaritkeleĥ» (Anagaloj), kiun Zalman Ŝneur verkis en la jida kaj la hebrea lingvoj. La fono de verki de la kanto estas vizito de Kipnis en Metula en la vintro de 1921. Unu vespere, gi vidis areton de junuloj kantantaj kune, kaj kiam gi demandis pri alveturi al la akvofalo Tanur, alparolis al gin Bat-Ŝeva, kiu estas menciita en la kantoteksto, kaj proponis kunveturi kun gi. Per gia impreso de la loko, la medio kaj la ciklamenoj gi decidiĝis verki la kanton.','vv',NULL,'vv',NULL,'vv','1',4,'bm','+','d',NULL);
INSERT INTO "muzikaĵoj" VALUES('agada','🌴',NULL,'אגדה','Fabelo',NULL,'חנינא קַרְצֶ׳בְסְקִי','Ĥanina Karĉevski',NULL,'https://he.wikipedia.org/wiki/%D7%97%D7%A0%D7%99%D7%A0%D7%90_%D7%A7%D7%A8%D7%A6''%D7%91%D7%A1%D7%A7%D7%99',NULL,'יעקב פיכמן','Jaakov Fiĥman',NULL,'https://he.wikipedia.org/wiki/%D7%99%D7%A2%D7%A7%D7%91_%D7%A4%D7%99%D7%9B%D7%9E%D7%9F',NULL,'he',NULL,NULL,NULL,'1:89',NULL,NULL,'1',NULL,NULL,NULL,NULL,'vv','','xx','','vv','2',NULL,'em',NULL,'e','');
INSERT INTO "muzikaĵoj" VALUES('andro','↻',NULL,'אן דרו','An Dro',NULL,'לא ידוע/ה','{\nekonata}',NULL,NULL,NULL,NULL,NULL,NULL,NULL,NULL,'popola',NULL,NULL,NULL,NULL,NULL,NULL,NULL,'[פטפן](http://tolkien.digitalwords.net/naremarde/Backup/Outer/Andro%20mp%2096%20mi.mp3).','[Patpan](http://tolkien.digitalwords.net/naremarde/Backup/Outer/Andro%20mp%2096%20mi.mp3).','ריקוד ברטוני בשם An Dro „הסיבוב”, לפי [ביצוע](http://tolkien.digitalwords.net/naremarde/Backup/Outer/Andro%20mp%2096%20mi.mp3) של [פטפן](http://www.patapan.de/). אני לא יודע מה ההיסטוריה של הגרסה המסויימת הזאת. לא מצאתי אף הקלטה או תיווי זהים; התיווי הכי קרוב שמצאתי הוא [זה](http://abcnotation.com/tunePage?a=members.yline.com/~zeiler1/abc/czbret/0006).','Bretonia danco nomata An Dro «La Turno», laŭ [sonregistro](http://tolkien.digitalwords.net/naremarde/Backup/Outer/Andro%20mp%2096%20mi.mp3) de [Patpan](http://www.patapan.de/). Mi ne scias la historion de tiu ĉi specifa variaĵo. Mi ne trovis samajn sonregistrojn aŭ partiturojn; la pli simila partituro, kiun mi trovis, estas [ĉi tio](http://abcnotation.com/tunePage?a=members.yline.com/~zeiler1/abc/czbret/0006).','vv',NULL,'vv',NULL,'vv','1',4,'em',NULL,'b',NULL);
INSERT INTO "muzikaĵoj" VALUES('dugit','⛵',NULL,'דוגית נוסעת','Boato moviĝas',NULL,'לב שוורץ','Lev Ŝvarc',NULL,'https://he.wikipedia.org/wiki/%D7%9C%D7%91_%D7%A9%D7%95%D7%95%D7%A8%D7%A5',NULL,'נתן יונתן','Natan Jonatan',NULL,'https://he.wikipedia.org/wiki/%D7%A0%D7%AA%D7%9F_%D7%99%D7%95%D7%A0%D7%AA%D7%9F',NULL,'he','lulkanto',NULL,NULL,'2:148',NULL,NULL,'1595','[אריק איינשטיין](https://youtu.be/H-Mol4Mhi3g).','[Arik Ajinŝtejn](https://youtu.be/H-Mol4Mhi3g).','את המילים בנוסח העברי כתב נתן יונתן, והקדיש אותן בשנת 1944 (ככל הנראה זמן לא רב לאחר חיבור השיר) לילדי קיבוץ שפיים (במילותיו: „שיר קטן — לכל הילדים החביבים”). את המנגינה כתב לב שוורץ עבור הסרט „[ילדותו של גּוֹרְקִי](https://youtu.be/o_741ZmF0c8)” (Детство Горького, 1938), אולי בהתבסס על ניגון יהודי.','La hebrean kantotekston skribis Natan Jonatan, kaj ĝin dediĉis en 1944 (kredeble ne longe post la verkado) al la infanoj de kibuco Ŝfajim (en gia vortoj: «kanteto — por ĉiuj la plaĉemaj infanoj»). La melodion komponis Lev Ŝvarc por la filmo «[La Infanaĝo de Gorki](https://youtu.be/o_741ZmF0c8)» (Детство Горького, 1938), eble depruntinte de juda melodio.','vv',NULL,'vv',NULL,'vv','1',4,'em',NULL,'e',NULL);
INSERT INTO "muzikaĵoj" VALUES('totoro','🌳',NULL,'השכן שלי טוטורו','Mia najbaro Totoro','\Jap{となりのトトロ}','ג׳ו היסאישי','Ĝo Hisaiŝi','\Jap{久石譲}','https://he.wikipedia.org/wiki/%D7%92%27%D7%95_%D7%94%D7%99%D7%A1%D7%90%D7%99%D7%A9%D7%99','https://eo.wikipedia.org/wiki/Joe_Hisaishi',NULL,NULL,NULL,NULL,NULL,'filmoj',NULL,'[טבלטורה לאוקרינה](http://www.ocarinaforum.com/index.php?topic=545.0).','[Partituro por okarino](http://www.ocarinaforum.com/index.php?topic=545.0).',NULL,NULL,NULL,NULL,'[אוקרינה ורביעיית כלי קשת](https://youtu.be/qwmVoivk3BE).','[Okarino kaj Arĉa kvarteto](https://youtu.be/qwmVoivk3BE).','נעימת הנושא של סרט האנימה „[השכן שלי טוטורו](https://he.wikipedia.org/wiki/השכן_הקסום_שלי_טוטורו)” (1988), שנכתב ובוים על־ידי הייאו מיאזקי.','La tema melodio de la animea filmo «[Mia najbaro Totoro](https://eo.wikipedia.org/wiki/Mia_najbaro_Totoro)» (1988), verkita kaj reĝisorita per Hajao Mijazaki.','vv',NULL,'vv',NULL,'vv','1',6,'g','+','e',NULL);
INSERT INTO "muzikaĵoj" VALUES('midnight','🕛',NULL,'חצות־הלילה של מר דוולנד','La noktomezo de S-ro Dowland','Mr Dowland’s Midnight','ג׳ון דוולנד','John Dowland',NULL,'https://he.wikipedia.org/wiki/%D7%92''%D7%95%D7%9F_%D7%93%D7%90%D7%95%D7%9C%D7%A0%D7%93',NULL,NULL,NULL,NULL,NULL,NULL,'antikva',NULL,'[טבלטורה ללאוטה](http://gerbode.net/sources/spencer_private_library/margaret_board_lute_book/pdf/086_midnight_dowland.pdf).','[Tabulaturo por liuto](http://gerbode.net/sources/spencer_private_library/margaret_board_lute_book/pdf/086_midnight_dowland.pdf).',NULL,NULL,NULL,NULL,'[לאוטה והרפסיקורד](https://youtu.be/NPsPwwAB3Og); [לאוטה](https://youtu.be/xse1RX4xncQ).','[Liuto kaj klaviceno](https://youtu.be/NPsPwwAB3Og); [liuto](https://youtu.be/xse1RX4xncQ).','ג׳ון דוולנד (1563–1626) היה מלחין ונגן לאוטה מתקופת הרנסנס. את מרבית המוסיקה שכתב הוא כתב ללאוטה, סולו או בליווי קולי או כלי; ככלל גם המוסיקה וגם המילים מלנכוליות (אחת היצירות המפורסמות שלו נקראת Semper Dowland, semper dolens „תמיד דוולנד, תמיד דואב”…). כאן עיבדתי את הקול הראשון של „חצות־הלילה של מר דוולנד”, מתוך הטבלטורה שבספר הלאוטה של מרגרט בורד.','John Dowland estis compnisto kaj ludisto de liuto de la Renesanco. La plejparto de gia verkaro estas skribita por liuto, kaj sole kaj kun voĉa aŭ instrumenta akompano; ĝenerale, kaj la muziko kaj la kantoteksto estas melanĥoliaj (unu le gia plej famaj muzikaĵoj estas nomata «Semper Dowland, semper dolens» (Ĉiam Dowland, ĉiam malĝoja)…). Tieĉi mi aranĝis la unua voĉo de «La noktomezo de S-ro Dowland» de la tabulaturo el la Libro de Liuto de Margaret Board.','vv',NULL,'vv',NULL,'vv','1',4,'edor',NULL,'d',NULL);
INSERT INTO "muzikaĵoj" VALUES('volga','⛵',NULL,'שיר סבלי הוולגה','La kanto de la haŭlistoj de la Volga','\Rus{Эй, ухнем!}','עממי','{\popola}',NULL,NULL,NULL,NULL,NULL,NULL,NULL,NULL,'popola',NULL,NULL,NULL,NULL,NULL,NULL,NULL,NULL,NULL,'שיר עם ברוסית, שתועד על־ידי [מילי בלקירב](https://he.wikipedia.org/wiki/מילי_באלאקירב) (1837–1910) בקובץ שירי העם שפרסם ב־1866. המקצוע שמתורגם כאן כ„סבל” הוא בורלק (бурла́к); עבודה קשה מאוד של גרירת כלי־שיט במעלה נהר או תעלה. עם המהפכה התעשייתית, הוחלף הכח האנושי במנועי־קיטור.','Popola rusalingva kanto, unuafoje dokumentita per [Milij Balakirev](https://eo.wikipedia.org/wiki/Milij_Aleksejevi\%C4\%89_Balakirev) (1837–1910) en gia popolkantaro el 1866. La laboro, kiu estas tradukita ĉitie kiel «[haŭlisto](https://eo.wikipedia.org/wiki/Ha\%C5\%ADlado)», estas «burlako» (бурла́к); tre malfacila laboro, haŭlado, trenado, de ŝipoj sur kanaloj aŭ riveroj. Kun la industria revolucio, la homa forto estis anstataŭigita per vapormaŝinoj.','vv',NULL,'vv',NULL,'vv','1',4,'bm','=','g',NULL);
INSERT INTO "muzikaĵoj" VALUES('rainbow','🌈',NULL,'אי־שם מעבר לקשת','Trans ĉielarko','Over the Rainbow','הרולד ארלן','Harold Arlen',NULL,'https://he.wikipedia.org/wiki/%D7%94%D7%A8%D7%95%D7%9C%D7%93_%D7%90%D7%A8%D7%9C%D7%9F',NULL,'יפ הרבורג','E. Y. Harburg',NULL,NULL,NULL,'filmoj',NULL,NULL,NULL,NULL,'[ערך בוויקיפדיה](https://he.wikipedia.org/wiki/Over_the_Rainbow).','[Ĉe Vikipedio](https://eo.wikipedia.org/wiki/Trans_\%C4\%89ielarko).',NULL,'[ג׳ודי](https://youtu.be/1HRa4X07jdE); [איז](https://youtu.be/w_DKWlrA24k).','[Judy](https://youtu.be/1HRa4X07jdE); [Iz](https://youtu.be/w_DKWlrA24k).','בלדה שנכתבה עבור הסרט „הקוסם מארץ עוץ” (1939).','Kanto skribita specife por la filmado de la romano *La mirinda sorĉisto de Oz* en 1939.','vv',NULL,'vv',NULL,'vv','1',4,'g','=','a',NULL);
INSERT INTO "muzikaĵoj" VALUES('washerwoman','💦',NULL,'הכובסת האירית','La irlanda lavistino','The Irish Washerwoman','עממי','{\popola}',NULL,NULL,NULL,NULL,NULL,NULL,NULL,NULL,'popola',NULL,NULL,NULL,NULL,NULL,NULL,NULL,NULL,NULL,NULL,NULL,'vv',NULL,'xx',NULL,'vv','2',NULL,'g',NULL,'b',NULL);
INSERT INTO "muzikaĵoj" VALUES('ore','⌚',NULL,'מחול השעות','Danco de la horoj','Danza delle ore','אמילקרה פונקיילי','Amilcare Ponchielli',NULL,'https://he.wikipedia.org/wiki/%D7%90%D7%9E%D7%99%D7%9C%D7%A7%D7%90%D7%A8%D7%94_%D7%A4%D7%95%D7%A0%D7%A7%D7%99%D7%99%D7%9C%D7%99','https://eo.wikipedia.org/wiki/Amilcare_Ponchielli',NULL,NULL,NULL,NULL,NULL,'klasika',NULL,NULL,NULL,NULL,NULL,NULL,NULL,NULL,NULL,NULL,NULL,'vv',NULL,'xx',NULL,'x','3',NULL,NULL,NULL,NULL,NULL);
INSERT INTO "muzikaĵoj" VALUES('bwv1056r-largo','🎹',NULL,'לרגו','Largo (g-minoro)','BWV 1056R','יוהאן סבסטיאן באך','Johann Sebastian Bach',NULL,'https://he.wikipedia.org/wiki/%D7%99%D7%95%D7%94%D7%90%D7%9F_%D7%A1%D7%91%D7%A1%D7%98%D7%99%D7%90%D7%9F_%D7%91%D7%90%D7%9A','https://eo.wikipedia.org/wiki/Johann_Sebastian_Bach',NULL,NULL,NULL,NULL,NULL,'klasika',NULL,'[מוטופיה](http://www.mutopiaproject.org/cgibin/piece-info.cgi?id=2116); [IMSLP](http://imslp.org/wiki/Concerto_in_G_minor,_BWV_1056R_%28Bach,_Johann_Sebastian%29).','[Mutopia](http://www.mutopiaproject.org/cgibin/piece-info.cgi?id=2116); [IMSLP](http://imslp.org/wiki/Concerto_in_G_minor,_BWV_1056R_%28Bach,_Johann_Sebastian%29).',NULL,NULL,NULL,NULL,'[אבי אביטל בביצוע מפעים במנדולינה](https://youtu.be/rldwvVhQg90).','[Avi Avital, mirige ludante per mandolino](https://youtu.be/rldwvVhQg90).','באך כתב את הקונצ׳רטו הזה, שזה החלק השני שלו (לרגו), לרבעיית כלי קשת. היצירה המקורית אבדה, אבל נשאר עיבוד שלה לצ׳מבלו, מאת באך, שממנו שוחזרו התווים לכלי קשת. התווים כאן הם של הכינור, עם טרנספוזיציה כדי להתאים לגובה הצליל של האוקוללה.',NULL,'vv',NULL,'xx',NULL,'vv','3',NULL,'em','+','c''',NULL);
INSERT INTO "muzikaĵoj" VALUES('lapidim','💡',NULL,'אנו נושאים לפידים','Ni portas torĉojn',NULL,'מרדכי זעירא','Mordeĥaj Zeira',NULL,'https://he.wikipedia.org/wiki/%D7%9E%D7%A8%D7%93%D7%9B%D7%99_%D7%96%D7%A2%D7%99%D7%A8%D7%90',NULL,'אהרון זאב','Aharon Zeev',NULL,'https://he.wikipedia.org/wiki/%D7%90%D7%94%D7%A8%D7%9F_%D7%96%D7%90%D7%91',NULL,'he',NULL,'zemereshet','zemereshet',NULL,NULL,NULL,'357',NULL,NULL,NULL,NULL,'vv',NULL,'xritmo',NULL,'vv','1',NULL,'em','+','g',NULL);
INSERT INTO "muzikaĵoj" VALUES('nadned','⚖',NULL,'נדנדה','Baskulo',NULL,'דניאל סמבורסקי','Daniel Samburski',NULL,'https://he.wikipedia.org/wiki/%D7%93%D7%A0%D7%99%D7%90%D7%9C_%D7%A1%D7%9E%D7%91%D7%95%D7%A8%D7%A1%D7%A7%D7%99',NULL,'חיים נחמן ביאליק','Ĥajim Naĥman Bialik',NULL,'https://he.wikipedia.org/wiki/%D7%97%D7%99%D7%99%D7%9D_%D7%A0%D7%97%D7%9E%D7%9F_%D7%91%D7%99%D7%90%D7%9C%D7%99%D7%A7',NULL,'he',NULL,NULL,NULL,NULL,'[ערך בוויקיפדיה](https://he.wikipedia.org/wiki/%D7%A0%D7%93%D7%A0%D7%93%D7%94_%28%D7%A9%D7%99%D7%A8%29).',NULL,'211',NULL,NULL,NULL,NULL,'vv',NULL,'vv',NULL,'vv','1',4,'d',NULL,'d',NULL);
INSERT INTO "muzikaĵoj" VALUES('ken','🐣',NULL,'קן לציפור','Birdonesto',NULL,'יצחק אדל','Jicĥak Edel',NULL,'https://he.wikipedia.org/wiki/%D7%99%D7%A6%D7%97%D7%A7_%D7%90%D7%93%D7%9C',NULL,'חיים נחמן ביאליק','Ĥajim Naĥman Bialik',NULL,'https://he.wikipedia.org/wiki/%D7%97%D7%99%D7%99%D7%9D_%D7%A0%D7%97%D7%9E%D7%9F_%D7%91%D7%99%D7%90%D7%9C%D7%99%D7%A7',NULL,'he',NULL,NULL,NULL,NULL,NULL,NULL,'1575',NULL,NULL,NULL,NULL,'vv',NULL,'vv',NULL,'vv','1',4,'g',NULL,'e',NULL);
INSERT INTO "muzikaĵoj" VALUES('gešem','☁️',NULL,'שיר הגשם','Kanto al la pluvo',NULL,'יואל ולבה','Joel Valbe',NULL,'https://he.wikipedia.org/wiki/%D7%99%D7%95%D7%90%D7%9C_%D7%95%D7%9C%D7%91%D7%94',NULL,'לאה גולדברג','Lea Goldberg',NULL,'https://he.wikipedia.org/wiki/%D7%9C%D7%90%D7%94_%D7%92%D7%95%D7%9C%D7%93%D7%91%D7%A8%D7%92','https://eo.wikipedia.org/wiki/Lea_Goldberg','he',NULL,'zemereshet','zemereshet',NULL,NULL,NULL,'453',NULL,NULL,'ידעתם שיש לשיר הזה כמה בתים, עם מנגינה שונה מזו של הבית (שחוזר בשינוי כפזמון)? אותי זה הפתיע, ובאמת ברוב ההקלטות שמצאתי ברשת מופיע רק הבית הראשון.',NULL,'vv',NULL,'vv',NULL,'vv','1',4,'em',NULL,'d',NULL);
INSERT INTO "muzikaĵoj" VALUES('uga','🎂',NULL,'עוגה עוגה','Ronde, ronde',NULL,'עממי','{\popola}',NULL,NULL,NULL,'אהרון אשמן','Aharon Aŝman',NULL,'https://he.wikipedia.org/wiki/%D7%90%D7%94%D7%A8%D7%9F_%D7%90%D7%A9%D7%9E%D7%9F',NULL,'he',NULL,NULL,NULL,NULL,'[מאמר על השיר בעיתון „הארץ”](http://haaretz.co.il/1.1008979).',NULL,'913',NULL,NULL,NULL,NULL,'vv',NULL,'vv',NULL,'vv','1',4,'g',NULL,'d',NULL);
INSERT INTO "muzikaĵoj" VALUES('gamadim','🗣️',NULL,'מאחורי ההר','Malantaŭ la monto',NULL,'עממי','{\popola}',NULL,NULL,NULL,'עממי','{\popola}',NULL,NULL,NULL,'he',NULL,NULL,NULL,NULL,NULL,NULL,'1742',NULL,NULL,'<span class="u1">הפסוק הראשון (ארבע התיבות הראשונות) מנוגן במיתרים פתוחים בלבד. לכן, אפשר בקלות לבדוק בעזרתו אם האוקוללה מכוון: מנגנים ושומעים אם זה נשמע טוב.</span>','<span class="u1">La unua frazo (la unuaj kvar taktoj) estas ludita nur per malfermitaj kordoj. Do, oni povas facile testi per ĝi ĉu la ukulelo estas korekte agordita.</span>','vv',NULL,'vv',NULL,'vv','1',4,'d',NULL,'X',NULL);
INSERT INTO "muzikaĵoj" VALUES('lavie','💀',NULL,'היה היה… החיים','Iam estis… la vivo','Il était une fois… la vie','מישל לגרה','Michel Legrand',NULL,'https://he.wikipedia.org/wiki/%D7%9E%D7%99%D7%A9%D7%9C_%D7%9C%D7%92%D7%A8%D7%90%D7%9F','https://eo.wikipedia.org/wiki/Michel_Legrand','שפרירה זכאי',NULL,NULL,'https://he.wikipedia.org/wiki/%D7%A9%D7%A4%D7%A8%D7%99%D7%A8%D7%94_%D7%96%D7%9B%D7%90%D7%99',NULL,'filmoj',NULL,NULL,NULL,NULL,NULL,NULL,NULL,'[הגרסה העברית](https://youtu.be/Z1zxp03hsC4); [המקור בצרפתית](https://youtu.be/IrBQii4P3vc).','[La hebrea lingva variaĵo](https://youtu.be/Z1zxp03hsC4); [la franca lingva originalo](https://youtu.be/IrBQii4P3vc).','[פרקי הסדרה](https://www.youtube.com/channel/UC8dG-GbmJvJWiIYlGbLblxw/videos).',NULL,'v',NULL,'vv',NULL,'vv','1',6,'d',NULL,'e',NULL);
INSERT INTO "muzikaĵoj" VALUES('mumindalen','\Kmt{𓃯}','𓃯','מנגינות מעמק המומינים','Melodioj de Muminvalo','\Jap{楽しいムーミン一家}','סומיאו שירטורי','Sumio Ŝiratori','\Jap{白鳥澄夫}',NULL,NULL,NULL,NULL,NULL,NULL,NULL,'filmoj',NULL,'[מחרוזת מנגינות](https://musescore.com/user/2383566/scores/816316); השישית כאן לקוחה משם.','[Muzikaĵaro de *Tanoŝii Mūmin Ikka*](https://musescore.com/user/2383566/scores/816316); la lasta melodio ĉi tie estas al tiu muzikaĵaro.',NULL,'[ערך בוויקיפדיה](https://he.wikipedia.org/wiki/%D7%94%D7%9E%D7%95%D7%9E%D7%99%D7%A0%D7%99%D7%9D_%28%D7%90%D7%A0%D7%99%D7%9E%D7%94%29).',NULL,NULL,'[ביצוע של בת־חן צרפתי במפוחית](https://www.youtube.com/user/wolfheartmusic/discussion), לפי שמיעה.','[Sonregistro de Bat-Ĥen Carfati, ludante la harmonikon](https://www.youtube.com/user/wolfheartmusic/videos).','כל הנעימות מלבד האחרונה הן נעימות שסנופקין מנגן במפוחית; כתבתי את התווים לפי הביצוע היפה של בת־חן צרפתי. אני מודה שאני לא זוכר מאיזו סצינה הנעימה האחרונה, אבל היא נורא יפה.','Ĉiuj melodioj, krom la lasta, estas melodioj, kiujn Snusmumriken ludas per harmoniko; mi transskribis la muzikan notacion laŭ aŭskultado. Me ne memoras en kiu sceno(j) la lasta melodio estas ludanta, sed ĝi estes tre bela.','vv',NULL,'vv',NULL,'vv','1/2',6,'v','+','g',NULL);
INSERT INTO "muzikaĵoj" VALUES('fistuk','🏠',NULL,'הבית של פיסטוק','La domo de Fistuk',NULL,'נורית הירש','Nurit Hirŝ',NULL,'https://he.wikipedia.org/wiki/%D7%A0%D7%95%D7%A8%D7%99%D7%AA_%D7%94%D7%99%D7%A8%D7%A9',NULL,'לאה נאור','Lea Naor',NULL,'https://he.wikipedia.org/wiki/%D7%9C%D7%90%D7%94_%D7%A0%D7%90%D7%95%D7%A8',NULL,'filmoj',NULL,'בספר „מקהלה עליזה”.',NULL,NULL,'[ערך בוויקיפדיה](https://he.wikipedia.org/wiki/%D7%91%D7%91%D7%99%D7%AA_%D7%A9%D7%9C_%D7%A4%D7%99%D7%A1%D7%98%D7%95%D7%A7).',NULL,NULL,'[שיר הפתיחה מהתוכנית](https://youtu.be/Xf2rWQ52XX8), בביצוע [אילנית](https://he.wikipedia.org/wiki/%D7%90%D7%99%D7%9C%D7%A0%D7%99%D7%AA); [גרסה קצת רוקית](https://youtu.be/cvvwODFS6As).','[De la televida programo](https://youtu.be/Xf2rWQ52XX8); [Roka versio](https://youtu.be/cvvwODFS6As).','[פרקים בערוץ של החינוכית ביוטיוב](https://www.youtube.com/playlist?list=PL51YAgTlfPj7D-QAVZ94EK-BHm7XG9BOl).',NULL,'vv',NULL,'vv',NULL,'vv','1',4,'g',NULL,'g',NULL);
INSERT INTO "muzikaĵoj" VALUES('rega','🎁',NULL,'רגע עם דודלי','Rega kun Dodli',NULL,'רומן קונסמן','Roman Kunsman',NULL,NULL,NULL,'מירה מאיר','Mira Meir',NULL,'https://he.wikipedia.org/wiki/%D7%9E%D7%99%D7%A8%D7%94_%D7%9E%D7%90%D7%99%D7%A8',NULL,'filmoj',NULL,NULL,NULL,NULL,'[ערך בוויקיפדיה](https://he.wikipedia.org/wiki/%D7%A8%D7%92%D7%A2_%D7%A2%D7%9D_%D7%93%D7%95%D7%93%D7%9C%D7%99).',NULL,NULL,'[שיר הפתיחה מהתוכנית](https://youtu.be/REuCtPim9hs).','[De la televida programo](https://youtu.be/REuCtPim9hs).','[כל הפרקים בערוץ של החינוכית ביוטיוב](https://www.youtube.com/playlist?list=PL51YAgTlfPj5gUK-SIhbYyAMUQASzrZAw).',NULL,'vv',NULL,'xx',NULL,'vv','1',NULL,'g',NULL,'fis',NULL);
INSERT INTO "muzikaĵoj" VALUES('parpar','\emojione{🦋}','🦋','פרפר נחמד','Argrabla papilio',NULL,'נורית הירש','Nurit Hirŝ',NULL,'https://he.wikipedia.org/wiki/%D7%A0%D7%95%D7%A8%D7%99%D7%AA_%D7%94%D7%99%D7%A8%D7%A9',NULL,'לאה נאור','Lea Naor',NULL,'https://he.wikipedia.org/wiki/%D7%9C%D7%90%D7%94_%D7%A0%D7%90%D7%95%D7%A8',NULL,'filmoj',NULL,NULL,NULL,'1:50',NULL,NULL,NULL,'[שיר הפתיחה](https://youtu.be/HA9ISkl9bzA).','[Filmeto](https://youtu.be/HA9ISkl9bzA).',NULL,NULL,'vv',NULL,'vv',NULL,'vv','1',4,'d','+','d',NULL);
INSERT INTO "muzikaĵoj" VALUES('pgiša','∞',NULL,'פגישה לאין קץ','Senfina kunveno',NULL,'נעמי שמר','Naomi Ŝemer',NULL,'https://he.wikipedia.org/wiki/%D7%A0%D7%A2%D7%9E%D7%99_%D7%A9%D7%9E%D7%A8',NULL,'נתן אלתרמן','Natan Alterman',NULL,'https://he.wikipedia.org/wiki/%D7%A0%D7%AA%D7%9F_%D7%90%D7%9C%D7%AA%D7%A8%D7%9E%D7%9F',NULL,'he',NULL,NULL,NULL,NULL,'[ערך בוויקיפדיה](https://he.wikipedia.org/wiki/%D7%A4%D7%92%D7%99%D7%A9%D7%94_%D7%9C%D7%90%D7%99%D7%9F_%D7%A7%D7%A5).',NULL,NULL,'[מגוון ביצועים לשיר](http://www.alterman.org.il/%D7%9E%D7%93%D7%99%D7%94/%D7%A1%D7%A8%D7%98%D7%99%D7%9D%D7%91%D7%99%D7%95%D7%98%D7%99%D7%95%D7%91/TabId/64/emodule/777/egallery/4/Default.aspx).',NULL,NULL,NULL,'vv',NULL,'xx',NULL,'vv','2',NULL,'em',NULL,'e',NULL);
INSERT INTO "muzikaĵoj" VALUES('bavazajim','\emojione{🦆}','🦆','ברווזיים','Du anasoj',NULL,'שרה לוי-תנאי','Sara Levi-Tanaj',NULL,'https://he.wikipedia.org/wiki/%D7%A9%D7%A8%D7%94_%D7%9C%D7%95%D7%99-%D7%AA%D7%A0%D7%90%D7%99',NULL,'לאה גולדברג','Lea Goldberg',NULL,'https://he.wikipedia.org/wiki/%D7%9C%D7%90%D7%94_%D7%92%D7%95%D7%9C%D7%93%D7%91%D7%A8%D7%92','https://eo.wikipedia.org/wiki/Lea_Goldberg','he',NULL,NULL,NULL,NULL,NULL,NULL,'1026','[נולי, שבי, אפי ועוזי](https://youtu.be/8mfLQVNoquk).','[Nuli, Ŝabi, Efi and Uzi](https://youtu.be/8mfLQVNoquk).',NULL,NULL,'vv',NULL,'vv',NULL,'vv','1',4,'em',NULL,'X',NULL);
INSERT INTO "muzikaĵoj" VALUES('feja','🐸',NULL,'הלילות הקסומים','La magiaj noktoj',NULL,'אילן וירצברג','Ilan Vircberg',NULL,'https://he.wikipedia.org/wiki/%D7%90%D7%99%D7%9C%D7%9F_%D7%95%D7%99%D7%A8%D7%A6%D7%91%D7%A8%D7%92',NULL,'עדה נסטוביץ׳','Ada Nastoviĉ',NULL,NULL,NULL,'he',NULL,'[מתוך החוברת „חוויה בצלילים”](http://meyda.education.gov.il/files/merkaz/pdf/retzef_havaya_01.pdf).','[De la hebrealingva libreto «Sperto kun sonoj»](http://meyda.education.gov.il/files/merkaz/pdf/retzef_havaya_01.pdf).',NULL,NULL,NULL,NULL,'[הביצוע האגדי של המכשפות](https://youtu.be/kuqhoQxa5Rk); [הביצוע של נורית גלרון](https://youtu.be/AIKfvboAock) מתוך פסטיבל שירי הילדים 1977 (ברקע, [מכשייפע של הגויים](https://youtu.be/gUWGYcdueb0)).','[Per la Sorĉistinoj](https://youtu.be/kuqhoQxa5Rk); [per Nurit Galron](https://youtu.be/AIKfvboAock).',NULL,NULL,'vv',NULL,'vv',NULL,'vv','1',4,'g','+','d',NULL);
INSERT INTO "muzikaĵoj" VALUES('ceva','♻️',NULL,'כך נולד הצבע','Tiamaniere naskiĝis la koloro',NULL,'דתיה בן־דור','Datja Ben-Dor',NULL,'https://he.wikipedia.org/wiki/%D7%93%D7%AA%D7%99%D7%94_%D7%91%D7%9F_%D7%93%D7%95%D7%A8',NULL,'דתיה בן־דור','Datja Ben-Dor',NULL,'https://he.wikipedia.org/wiki/%D7%93%D7%AA%D7%99%D7%94_%D7%91%D7%9F_%D7%93%D7%95%D7%A8',NULL,'he',NULL,NULL,NULL,NULL,NULL,NULL,NULL,'[מתוך „פרפר נחמד”](https://youtu.be/syJo37AKaro).','[De «Argrabla Papilio»](https://youtu.be/syJo37AKaro).',NULL,NULL,'vv',NULL,'vv',NULL,'vv','1',6,'d','+','b',NULL);
INSERT INTO "muzikaĵoj" VALUES('bubble','Ⓔ',NULL,'באבל בובל','Bubble Bobble','\Jap{バブルボブル}','טדשי קימיג׳ימה','Tadaŝi Kimiĝima','\Jap{君島正}',NULL,NULL,NULL,NULL,NULL,NULL,NULL,'ludoj',NULL,'[תווים לפסנתר](https://musescore.com/score/739081), שהתבססתי עליהם בעיבוד הנוכחי.','[Partituro por piano](https://musescore.com/score/739081).',NULL,'[ערך בוויקיפדיה](https://he.wikipedia.org/wiki/%D7%91%D7%90%D7%91%D7%9C_%D7%91%D7%95%D7%91%D7%9C).',NULL,NULL,'[הקלטה מהמשחק](https://youtu.be/ij3f4_APEow) (גרסת המגאסון); [ביצוע בפסנתר](https://youtu.be/oiNIRFuchto).','[Sonregistro de la ludo](https://youtu.be/ij3f4_APEow) (Famicom/NES); [piana versio](https://youtu.be/oiNIRFuchto).','מנגינה אחת, בכל השלבים, שעות על גבי שעות בילדות, זה משהו שנצרב עמוק במוח… רוצים לשחק? [גרסה לדוס](http://www.old-games.org/games/bb), [גרסה למגאסון](http://www.emuparadise.me/Nintendo_Entertainment_System_ROMs/Bubble_Bobble_(Europe)/54980), [גרסה לארקייד](http://www.emuparadise.me/M.A.M.E._-_Multiple_Arcade_Machine_Emulator_ROMs/Bubble_Bobble/11649).','Unu melodio, tra la tuta ludo, daŭre je multaj horoj en la juneco, estas io, kiu registriĝas profunde sur onia cerbo… Ĉu vi volas ludi? [DOS](http://www.emuparadise.me/Abandonware_Games/Bubble_Bobble_(1987)(Taito_Corporation)/92746), [NES/Famicom](http://www.emuparadise.me/Nintendo_Entertainment_System_ROMs/Bubble_Bobble_(Europe)/54980), [arcado](http://www.emuparadise.me/M.A.M.E._-_Multiple_Arcade_Machine_Emulator_ROMs/Bubble_Bobble/11649).','vv',NULL,'xx',NULL,'vv','3',NULL,'g','+','e''','🐉');
INSERT INTO "muzikaĵoj" VALUES('pili','🐘',NULL,'לגדול איתך ביחד: פילי הקטן','Grandiĝi kun vi: Pili la malgranda',NULL,'יעל תלם','Jael Telem',NULL,'http://yaeltelem.com/',NULL,'לאה גולדברג','Lea Goldberg',NULL,'https://he.wikipedia.org/wiki/%D7%9C%D7%90%D7%94_%D7%92%D7%95%D7%9C%D7%93%D7%91%D7%A8%D7%92','https://eo.wikipedia.org/wiki/Lea_Goldberg','albumoj',NULL,NULL,NULL,NULL,NULL,NULL,NULL,'[השיר בדיסק, כולל מילים](http://yaeltelem.bandcamp.com/track/--5); [יעל ועילם](https://youtu.be/WuhExUhZsj0); [יעל, אורי, מירי ואור](https://youtu.be/lThW3GoU4lY).','[La kanto en la muzikalbumo, kun kantoteksto](http://yaeltelem.bandcamp.com/track/--5); [Jael kaj Ejlam](https://youtu.be/WuhExUhZsj0); [Jael, Uri, Miri kaj Or](https://youtu.be/lThW3GoU4lY).','זהו השיר הראשון שכתבה לאה גולדברג לילדים. על תחילת דרכה בכתיבה לילדים תוכלו לקרוא [כאן](http://ha-pinkas.co.il/%D7%94%D7%99%D7%93%D7%99%D7%93%D7%94-%D7%9E%D7%A8%D7%97%D7%95%D7%91-%D7%90%D7%A8%D7%A0%D7%95%D7%9F/) באתר „הפנקס”.','Tio estas la unua kanto, kiun verkis Lea Goldberg pro infanoj.','vv',NULL,'xritmo',NULL,'vv','1',6,'g',NULL,'e',NULL);
INSERT INTO "muzikaĵoj" VALUES('menuxa','👀',NULL,'לגדול איתך ביחד: ליל מנוחה','Grandiĝi kun vi: Trankvilan nokton',NULL,'יעל תלם','Jael Telem',NULL,'http://yaeltelem.com/',NULL,'פניה ברגשטיין','Fanja Bergŝtejn',NULL,'https://he.wikipedia.org/wiki/%D7%A4%D7%A0%D7%99%D7%94_%D7%91%D7%A8%D7%92%D7%A9%D7%98%D7%99%D7%99%D7%9F',NULL,'albumoj','lulkanto',NULL,NULL,NULL,NULL,NULL,NULL,'[השיר בדיסק, כולל מילים](http://yaeltelem.bandcamp.com/track/--13).','[La kanto en la muzikalbumo, kun kantoteksto](http://yaeltelem.bandcamp.com/track/--13).',NULL,NULL,'vv',NULL,'vv',NULL,'vv','1',4,'d',NULL,'X',NULL);
INSERT INTO "muzikaĵoj" VALUES('jore','☔',NULL,'היורה','La unua pluvo',NULL,'יואל אנגל','Joel Engel',NULL,'https://he.wikipedia.org/wiki/%D7%99%D7%95%D7%90%D7%9C_%D7%90%D7%A0%D7%92%D7%9C',NULL,'יחיאל היילפרין','Jeĥiel Hajlperin',NULL,'https://he.wikipedia.org/wiki/%D7%99%D7%97%D7%99%D7%90%D7%9C_%D7%94%D7%99%D7%99%D7%9C%D7%A4%D7%A8%D7%99%D7%9F_%28%D7%9E%D7%97%D7%A0%D7%9A%29',NULL,'he',NULL,NULL,NULL,'1:18',NULL,NULL,'127',NULL,NULL,NULL,NULL,'vv',NULL,'vv',NULL,'vv','1',6,'d',NULL,'fis',NULL);
INSERT INTO "muzikaĵoj" VALUES('erev','🐑',NULL,'ערב מול הגלעד','Vespero antaŭ Gilead',NULL,'מיקי גבריאלוב','Miki Gavrielov',NULL,'https://he.wikipedia.org/wiki/%D7%9E%D7%99%D7%A7%D7%99_%D7%92%D7%91%D7%A8%D7%99%D7%90%D7%9C%D7%95%D7%91',NULL,'לאה גולדברג','Lea Goldberg',NULL,'https://he.wikipedia.org/wiki/%D7%9C%D7%90%D7%94_%D7%92%D7%95%D7%9C%D7%93%D7%91%D7%A8%D7%92','https://eo.wikipedia.org/wiki/Lea_Goldberg','he','lulkanto',NULL,NULL,'1:54','[ערך בוויקידפיה](https://he.wikipedia.org/wiki/%D7%A2%D7%A8%D7%91_%D7%9E%D7%95%D7%9C_%D7%94%D7%92%D7%9C%D7%A2%D7%93).',NULL,NULL,NULL,NULL,NULL,NULL,'vv',NULL,'xx',NULL,'vv','2',NULL,'bm','+','b',NULL);
INSERT INTO "muzikaĵoj" VALUES('ima2','🌐',NULL,'אמא, הו אמא','Patrino, ho patrino',NULL,'שייקה פייקוב','Ŝajke Fajkov',NULL,'https://he.wikipedia.org/wiki/%D7%A9%D7%99%D7%99%D7%A7%D7%94_%D7%A4%D7%99%D7%99%D7%A7%D7%95%D7%91',NULL,'שייקה פייקוב','Ŝajke Fajkov',NULL,'https://he.wikipedia.org/wiki/%D7%A9%D7%99%D7%99%D7%A7%D7%94_%D7%A4%D7%99%D7%99%D7%A7%D7%95%D7%91',NULL,'he',NULL,NULL,NULL,NULL,NULL,NULL,NULL,'[רונן בהוקנר](https://youtu.be/yUiH6txbEN8).','[Ronen B.](https://youtu.be/yUiH6txbEN8).',NULL,NULL,'vv',NULL,'vv',NULL,'vv','1',6,'bm',NULL,'g',NULL);
INSERT INTO "muzikaĵoj" VALUES('alefbet','\Heb{א}','א','אל״ף־בי״ת','Alfabeto',NULL,'נעמי שמר','Naomi Ŝemer',NULL,'https://he.wikipedia.org/wiki/%D7%A0%D7%A2%D7%9E%D7%99_%D7%A9%D7%9E%D7%A8',NULL,'נעמי שמר','Naomi Ŝemer',NULL,'https://he.wikipedia.org/wiki/%D7%A0%D7%A2%D7%9E%D7%99_%D7%A9%D7%9E%D7%A8',NULL,'he',NULL,NULL,NULL,'1:80',NULL,NULL,NULL,NULL,NULL,NULL,NULL,'vv',NULL,'vv',NULL,'vv','1',6,'d',NULL,'e',NULL);
INSERT INTO "muzikaĵoj" VALUES('tijul','👣',NULL,'הטיול הקטן','La vojaĝeto',NULL,'נעמי שמר','Naomi Ŝemer',NULL,'https://he.wikipedia.org/wiki/%D7%A0%D7%A2%D7%9E%D7%99_%D7%A9%D7%9E%D7%A8',NULL,'נעמי שמר','Naomi Ŝemer',NULL,'https://he.wikipedia.org/wiki/%D7%A0%D7%A2%D7%9E%D7%99_%D7%A9%D7%9E%D7%A8',NULL,'he',NULL,NULL,NULL,'1:174',NULL,NULL,NULL,NULL,NULL,'הידעת? השורה „אֶלֶף רַקָּפוֹת כָּל אֶחָד אָסַף” הוחלפה (עם שיכול מילים בשורה השניה בבית, כדי להתאים את החריזה) ב„אֶלֶף רַקָּפוֹת כָּל אֶחָד סָפַר” בעקבות ההגנה על הרקפות כצמח מוגן, שנים אחרי שהשיר נכתב.',NULL,'vv',NULL,'vv',NULL,'vv','1',6,'v','+','e',NULL);
INSERT INTO "muzikaĵoj" VALUES('lilly','🐶',NULL,'לילי','Lilly',NULL,'צ׳יינה פֿורבס ותומס לונדרדייל','China Forbes kaj Thomas Lauderdale',NULL,NULL,NULL,'צ׳יינה פֿורבס ותומס לונדרדייל','China Forbes kaj Thomas Lauderdale',NULL,NULL,NULL,'misc',NULL,'[עמוד אחד דחוס](http://tledc.com/music/BAND_SHOW/Lilly_PinkMartini_Fm.pdf).','[Unu densa paĝo](http://tledc.com/music/BAND_SHOW/Lilly_PinkMartini_Fm.pdf).',NULL,NULL,NULL,NULL,'[הופעה א׳](https://youtu.be/-I69GmDHKvI); [הופעה ב׳](https://youtu.be/j-CC3DlSdUw).','[Koncerto 1](https://youtu.be/-I69GmDHKvI); [koncerto 2](https://youtu.be/j-CC3DlSdUw).',NULL,NULL,'vv',NULL,'xx',NULL,'xrange','3',NULL,NULL,NULL,NULL,NULL);
INSERT INTO "muzikaĵoj" VALUES('nge','😇',NULL,'זנקוקו נה טנשי נו טזה','Zankoku na tenŝi no tēze','\Jap{残酷な天使のテーゼ}','הידטושי סטו','Hidetoŝi Satō','\Jap{佐藤英敏}',NULL,NULL,'נקו אואיקווה','Neko Oikaŭa','\Jap{及川眠子}',NULL,NULL,'filmoj',NULL,'[תווים לקרן יער](https://musescore.com/score/2215636), שהתבססתי עליהם כאן.','[Partituro por korno](https://musescore.com/score/2215636).',NULL,'[ערך בוויקיפדיה](https://he.wikipedia.org/wiki/%D7%A0%D7%90%D7%95%D7%9F_%D7%92''%D7%A0%D7%A1%D7%99%D7%A1_%D7%90%D7%95%D7%95%D7%A0%D7%92%D7%9C%D7%99%D7%95%D7%9F).',NULL,NULL,'[הפתיח](https://youtu.be/jYZfeY8Vg0E).','[Filmeto](https://youtu.be/jYZfeY8Vg0E).','מנגינת הפתיחה של סדרת האנימה „ניאון ג׳נזיס אוונגליאון”.','Melodio de la animea televida serio «Neon Genesis Evangelion».','vv',NULL,'…ritmo',NULL,'vv','1','6?…','em','+','e',NULL);
INSERT INTO "muzikaĵoj" VALUES('moon','🌙',NULL,'במילים אחרות','En aliaj vortoj','Fly me to the Moon / In Other Words','ברט הווארד','Bart Howard',NULL,NULL,NULL,'ברט הווארד','Bart Howard',NULL,NULL,NULL,'misc',NULL,'[MuseScore](https://musescore.com/user/87411/scores/103256).','[MuseScore](https://musescore.com/user/87411/scores/103256).',NULL,NULL,NULL,NULL,'[הביצוע המקורי של קיי בלרד](https://youtu.be/mcwlGjDNkkw); [פרנק סינטרה](https://youtu.be/EX1gM7bXfVU), מ־1964; [אנג׳לינה ג׳ורדן](https://youtu.be/JBSbeTxRk_g).','[Kaye Ballard](https://youtu.be/mcwlGjDNkkw) (la originalo); [Frank Sinatra](https://youtu.be/EX1gM7bXfVU) (1964); [Angelina Jordan](https://youtu.be/JBSbeTxRk_g).','הידעת? השיר הזה הוא הראשון שהושמע על פני הירח, מטייפ שהפעיל [באז אולדרין](https://he.wikipedia.org/wiki/%D7%91%D7%90%D7%96_%D7%90%D7%95%D7%9C%D7%93%D7%A8%D7%99%D7%9F).','Ĉu vi scias? Tiu ĉi kanto estas la unua kanto, ke aŭdigita estis sur la luno (per magnetofono, kiun aktivis [Buzz Aldrin](https://eo.wikipedia.org/wiki/Buzz_Aldrin)).','vv',NULL,'vv',NULL,'vv','2',6,'d','+','fis',NULL);
INSERT INTO "muzikaĵoj" VALUES('spell','🜨',NULL,'תחת כישופך','Sub via sorĉo','Under your Spell','ג׳וס ווידון','Joss Whedon',NULL,'https://he.wikipedia.org/wiki/%D7%92''%D7%95%D7%A1_%D7%95%D7%99%D7%93%D7%95%D7%9F',NULL,'ג׳וס ווידון','Joss Whedon',NULL,'https://he.wikipedia.org/wiki/%D7%92''%D7%95%D7%A1_%D7%95%D7%99%D7%93%D7%95%D7%9F',NULL,'filmoj',NULL,NULL,NULL,NULL,NULL,NULL,NULL,'[טרה](https://youtu.be/giqkWIvSy4I).','[Tara](https://youtu.be/giqkWIvSy4I).',NULL,NULL,'vv',NULL,'vv',NULL,'vv','1',6,'d','+','dis',NULL);
INSERT INTO "muzikaĵoj" VALUES('tonight','🎆',NULL,'הלילה את/ה שלי','Ĉi-nokte vi estas mia','Tonight You Belong to Me','לי דייויד','Lee David',NULL,NULL,NULL,'בילי רוז','Billy Rose',NULL,'https://he.wikipedia.org/wiki/%D7%91%D7%99%D7%9C%D7%99_%D7%A8%D7%95%D7%96',NULL,'misc',NULL,'[תווים לשירה וליווי באקורדים](http://f.hatena.ne.jp/ukulele-happy/20091116233701).','[Partituro por kantado kaj akordoj](http://f.hatena.ne.jp/ukulele-happy/20091116233701).',NULL,NULL,NULL,NULL,'[הסרטון הכי חמוד ביוטיוב, עם יותר מ־14 מיליון צפיות](https://youtu.be/Bpu0TIXzI1w).','[La plej beleta filmeto ĉe YouTube, kun 14+ milionoj da spektadoj](https://youtu.be/Bpu0TIXzI1w).',NULL,NULL,'vv',NULL,'vv',NULL,'vv','1',6,'a','+','e',NULL);
INSERT INTO "muzikaĵoj" VALUES('aviron','🛩',NULL,'אוירון','Aviadilo',NULL,'פניה שלונסקי־וגמן','Fanja Ŝlonski-Vegman',NULL,NULL,NULL,'חינגה ליטבאק-סמילר','Ĥinga Litvak-Smiler',NULL,NULL,NULL,'he',NULL,'[תווים ומילים](http://web.nli.org.il/sites/NLI/Hebrew/music/daily_song/Pages/aviron.aspx) מהקובץ „זמירות י״ד: שירי תנועה ומשחק”.','[Partituro kaj kantoteskto](http://web.nli.org.il/sites/NLI/Hebrew/music/daily_song/Pages/aviron.aspx).',NULL,NULL,NULL,'932','[ביצוע בחליל צד, גיטרה ושירה](https://youtu.be/rNHRzP1AcYo) עבור הספר [עודני ילד](http://www.headstart.co.il/projectcomments.aspx?id=14052) של [בית־ההבראה לצעצועים](https://www.facebook.com/ChildhoodMuseum).','[Per flaŭto, gitaro kaj kantado](https://youtu.be/rNHRzP1AcYo).',NULL,NULL,'vv',NULL,'vv',NULL,'vv','1',4,'g',NULL,'e',NULL);
INSERT INTO "muzikaĵoj" VALUES('eres','👑',NULL,'שיר ערש','Lulkanto',NULL,'סשה ארגוב','Saŝa Argov',NULL,'https://he.wikipedia.org/wiki/%D7%A1%D7%A9%D7%94_%D7%90%D7%A8%D7%92%D7%95%D7%91',NULL,'נתן אלתרמן','Natan Alterman',NULL,'https://he.wikipedia.org/wiki/%D7%A0%D7%AA%D7%9F_%D7%90%D7%9C%D7%AA%D7%A8%D7%9E%D7%9F',NULL,'he','lulkanto','מתוך הספר [ככה סתם: משירי סשה ארגוב](http://web.nli.org.il/sites/nli/Hebrew/library/Pages/BookReader.aspx?pid=1082650).','El la libro «[Nenial: kantoj de Saŝa Argov](http://web.nli.org.il/sites/nli/Hebrew/library/Pages/BookReader.aspx?pid=1082650)».','2:142','[ערך בוויקיפדיה](https://he.wikipedia.org/wiki/%D7%A9%D7%99%D7%A8_%D7%A2%D7%A8%D7%A9_%28%D7%90%D7%9C%D7%AA%D7%A8%D7%9E%D7%9F%29).',NULL,NULL,'[מתי כספי וסשה ארגוב](https://youtu.be/p1MBeHqJq40); [איילת הרשטיק־דקל וצבי זמל](https://youtu.be/Vfza3OuBRJI).','[Mati Kaspi kaj Saŝa Argov](https://youtu.be/p1MBeHqJq40); [Ajelet Herŝtik-Dekel kaj Cvi Zemel](https://youtu.be/Vfza3OuBRJI).','נכתב למחזה „אסתר המלכה” שהועלה בתיאטרון הקאמרי בשנת 1966. זהו שיר ערש שהליצן מונדריש שר למלך אחשוורוש, ששנתו, ככתוב, נדדה.',NULL,'vv',NULL,'vv',NULL,'vv','1',6,'bm',NULL,'fis',NULL);
INSERT INTO "muzikaĵoj" VALUES('peraxaj','💬',NULL,'הפרפר והפרח','La floro kaj la papilio',NULL,'נחום נרדי','Naĥum Nardi',NULL,'https://he.wikipedia.org/wiki/%D7%A0%D7%97%D7%95%D7%9D_%D7%A0%D7%A8%D7%93%D7%99',NULL,'חיים נחמן ביאליק','Ĥajim Naĥman Bialik',NULL,'https://he.wikipedia.org/wiki/%D7%97%D7%99%D7%99%D7%9D_%D7%A0%D7%97%D7%9E%D7%9F_%D7%91%D7%99%D7%90%D7%9C%D7%99%D7%A7',NULL,'he',NULL,NULL,NULL,NULL,NULL,NULL,NULL,NULL,NULL,'שני שירים של ביאליק: [הפרח לפרפר](http://www.zemereshet.co.il/song.asp?id=7) ותשובתו של [הפרפר לפרח](http://www.zemereshet.co.il/song.asp?id=6), שהיא מפורסמת אולי פחות, אבל יפה לא פחות.',NULL,'vv',NULL,'vv',NULL,'vv','1',6,'v',NULL,'X',NULL);
INSERT INTO "muzikaĵoj" VALUES('šoko','🎩',NULL,'אדון שוקו','Sinjoro Trinkĉokolado',NULL,'יוני רכטר','Joni Reĥter',NULL,'https://he.wikipedia.org/wiki/%D7%99%D7%95%D7%A0%D7%99_%D7%A8%D7%9B%D7%98%D7%A8',NULL,'חיה שנהב',NULL,NULL,'https://he.wikipedia.org/wiki/%D7%97%D7%99%D7%94_%D7%A9%D7%A0%D7%94%D7%91',NULL,'he',NULL,NULL,NULL,NULL,NULL,NULL,NULL,'[קליפ](https://youtu.be/4Ij1CaPrQio).','[Filmeto](https://youtu.be/4Ij1CaPrQio).',NULL,NULL,'vv',NULL,'…ritmo',NULL,'vv','2',6,'bm','+','e',NULL);
INSERT INTO "muzikaĵoj" VALUES('tapuz','👶',NULL,'קלפתי תפוז','Mi senŝeligis oranĝon',NULL,'יוני רכטר','Joni Reĥter',NULL,'https://he.wikipedia.org/wiki/%D7%99%D7%95%D7%A0%D7%99_%D7%A8%D7%9B%D7%98%D7%A8',NULL,'נורית זרחי','Nurit Zarĥi',NULL,'https://he.wikipedia.org/wiki/%D7%A0%D7%95%D7%A8%D7%99%D7%AA_%D7%96%D7%A8%D7%97%D7%99',NULL,'he',NULL,NULL,NULL,NULL,NULL,NULL,NULL,'[קליפ](https://youtu.be/dy9OcPeo46E).','[Filmeto](https://youtu.be/dy9OcPeo46E).',NULL,NULL,'vv',NULL,'vv',NULL,'vv','2',6,'bm',NULL,'a',NULL);
INSERT INTO "muzikaĵoj" VALUES('tov','🌚',NULL,'הכבש הששה־עשר: לילה טוב','La deksesa ŝafo: Bonan nokton',NULL,'יוני רכטר','Joni Reĥter',NULL,'https://he.wikipedia.org/wiki/%D7%99%D7%95%D7%A0%D7%99_%D7%A8%D7%9B%D7%98%D7%A8',NULL,NULL,NULL,NULL,NULL,NULL,'albumoj','lulkanto',NULL,NULL,NULL,NULL,NULL,NULL,'[יוני רכטר ויהודית רביץ](https://youtu.be/ofTvwQ9N3W4); [גאיה שטיינברג](https://youtu.be/hirdrTQ0e3g).','[Joni Reĥter kaj Judit Ravic](https://youtu.be/ofTvwQ9N3W4); [Gaja Ŝtajnberg](https://youtu.be/hirdrTQ0e3g).','השיר החותם את [הכבש השישה־עשר](https://he.wikipedia.org/wiki/%D7%94%D7%9B%D7%91%D7%A9_%D7%94%D7%A9%D7%99%D7%A9%D7%94_%D7%A2%D7%A9%D7%A8).','La lasta kanto de «La deksesa ŝafo».','vv',NULL,'vv',NULL,'vv','1',4,'d','+','d',NULL);
INSERT INTO "muzikaĵoj" VALUES('štajim','②',NULL,'שתי בנות','Du inoj',NULL,'נחום נרדי','Naĥum Nardi',NULL,'https://he.wikipedia.org/wiki/%D7%A0%D7%97%D7%95%D7%9D_%D7%A0%D7%A8%D7%93%D7%99',NULL,'חיים נחמן ביאליק','Ĥajim Naĥman Bialik',NULL,'https://he.wikipedia.org/wiki/%D7%97%D7%99%D7%99%D7%9D_%D7%A0%D7%97%D7%9E%D7%9F_%D7%91%D7%99%D7%90%D7%9C%D7%99%D7%A7',NULL,'he',NULL,NULL,NULL,NULL,NULL,NULL,NULL,NULL,NULL,NULL,NULL,'vv',NULL,'vv',NULL,'vv','1',4,'g',NULL,'e',NULL);
INSERT INTO "muzikaĵoj" VALUES('senbonzakura','🄼',NULL,'סמבונזקורה','Sembonzakura','\Jap{千本桜}','קורוסה-פי','Kurosa-P','\Jap{黒うさP}','http://whiteflame.jp/','http://whiteflame.jp/','קורוסה-פי','Kurosa-P','\Jap{黒うさP}','http://whiteflame.jp/','http://whiteflame.jp/','misc',NULL,'[MuseScore](https://musescore.com/user/4216131/scores/1136506).','[MuseScore](https://musescore.com/user/4216131/scores/1136506).',NULL,NULL,NULL,NULL,'[וידאו רשמי](https://youtu.be/shs0rAiwsGQ); [ביצועים שונים](http://digitalwords.net/z/#/%D7%9E%D7%95%D7%96%D7%99%D7%A7%D7%94/%D7%91%D7%99%D7%A6%D7%95%D7%A2%D7%99%D7%9D%20%D7%A9%D7%95%D7%A0%D7%99%D7%9D%20%D7%9C%D7%90%D7%95%D7%AA%D7%95%20%D7%94%D7%A9%D7%99%D7%A8/%D7%A1%D7%9E%D7%91%D7%95%D7%A0%D7%96%D7%A7%D7%95%D7%A8%D7%94).','[Oficiala filmeto](https://youtu.be/shs0rAiwsGQ); [diversaj filmetoj](http://digitalwords.net/z/#/%D7%9E%D7%95%D7%96%D7%99%D7%A7%D7%94/%D7%91%D7%99%D7%A6%D7%95%D7%A2%D7%99%D7%9D%20%D7%A9%D7%95%D7%A0%D7%99%D7%9D%20%D7%9C%D7%90%D7%95%D7%AA%D7%95%20%D7%94%D7%A9%D7%99%D7%A8/%D7%A1%D7%9E%D7%91%D7%95%D7%A0%D7%96%D7%A7%D7%95%D7%A8%D7%94).','הלהיט הגדול של [הצונה מיקו](https://he.wikipedia.org/wiki/%D7%94%D7%90%D7%98%D7%A1%D7%95%D7%A0%D7%94_%D7%9E%D7%99%D7%A7%D7%95).','La ŝlagrego de [Hacune Miku](https://eo.wikipedia.org/wiki/Hatsune_Miku).','vv',NULL,'xx',NULL,'xrange','3',NULL,NULL,NULL,NULL,NULL);
INSERT INTO "muzikaĵoj" VALUES('jareax','☮',NULL,'ילדי הירח','La lunidoj',NULL,'שלמה יידוב','Ŝlomo Jidov',NULL,'https://he.wikipedia.org/wiki/%D7%A9%D7%9C%D7%9E%D7%94_%D7%99%D7%99%D7%93%D7%95%D7%91',NULL,'אהוד מנור','Ehud Manor',NULL,'https://he.wikipedia.org/wiki/%D7%90%D7%94%D7%95%D7%93_%D7%9E%D7%A0%D7%95%D7%A8',NULL,'he',NULL,'[פקסימיליה מתוך מחברת של המוזיקאי מאיר נוי](http://primo.nli.org.il/primo_library/libweb/action/dlDisplay.do?vid=NLI&docId=NNL_MUSIC_AL003665990).','[Faksimilo de notlibro de Meir Noj](http://primo.nli.org.il/primo_library/libweb/action/dlDisplay.do?vid=NLI&docId=NNL_MUSIC_AL003665990).',NULL,NULL,NULL,NULL,'[שלמה יידוב ויוני רכטר](https://youtu.be/H_yj_XSMZuo).','[Ŝlomo Jidov kaj Joni Reĥter](https://youtu.be/H_yj_XSMZuo).','הגרסה שבמחברת של מאיר נוי מעט שונה מזו המוכרת במקצב ובתווים בכמה מקומות. למרות זאת, השארתי אותה כך, מלבד הורדה של כל המנגינה בחצי טון, בשביל להתאימה לאוקוללה.',NULL,'vv',NULL,'vv',NULL,'vv','1',6,'g','+','g',NULL);
INSERT INTO "muzikaĵoj" VALUES('longbow','🏹',NULL,'אגדת רובין הוד','La fabulo de Robin Hood','Conquests of the Longbow: the Legend of Robin Hood','אוברי הוג׳ז','Aubrey Hodges',NULL,NULL,NULL,NULL,NULL,NULL,NULL,NULL,'ludoj',NULL,NULL,NULL,NULL,NULL,NULL,NULL,'[המוזיקה מהמשחק](https://youtu.be/kuJnX9EfDp8): הפתיחה, ולאחריה הרקע שנותן הטרובדור, בווריאציה יפה על הפתיחה. [קובץ MIDI](http://www.midi-karaoke.info/21909339.html).','[La muziko de la ludo](https://youtu.be/kuJnX9EfDp8): la komenco, kaj la posta kanto de la trubaduro, kiu estas variaĵo sur la komenca muziko. [MIDI-a dosiero](http://www.midi-karaoke.info/21909339.html).','נעימת הפתיחה של המשחק Conquests of the Longbow: the Legend of Robin Hood.','La melodio de la komenco de la ludo «Conquests of the Longbow: the Legend of Robin Hood».','vv',NULL,'vv',NULL,'vv','1',6,'em','+','e',NULL);
INSERT INTO "muzikaĵoj" VALUES('levanim',' ',NULL,'ימים לבנים','Blankaj tagoj',NULL,'שלמה יידוב','Ŝlomo Jidov',NULL,'https://he.wikipedia.org/wiki/%D7%A9%D7%9C%D7%9E%D7%94_%D7%99%D7%99%D7%93%D7%95%D7%91',NULL,'לאה גולדברג','Lea Goldberg',NULL,'https://he.wikipedia.org/wiki/%D7%9C%D7%90%D7%94_%D7%92%D7%95%D7%9C%D7%93%D7%91%D7%A8%D7%92','https://eo.wikipedia.org/wiki/Lea_Goldberg','he',NULL,'בספר „[שרים במקהלה](http://www.aryeh-levanon.com/%D7%A1%D7%A4%D7%A8%D7%99%D7%9D/)”.','En la libro «[kanti ĉe ĥoro](http://www.aryeh-levanon.com/%D7%A1%D7%A4%D7%A8%D7%99%D7%9D/)».',NULL,NULL,NULL,NULL,'[שלמה יידוב, בעברית](https://youtu.be/NqsiU6ubrhY); [שלמה יידוב, בספרדית](https://youtu.be/N8jd4yT1mqY); [אם תמהתם מה הרבים של „צ׳לו”](https://youtu.be/h5AXBEkWqaQ) (אם באמת תמהתם, הנה [תשובה](https://it.wiktionary.org/wiki/violoncelli)).','[Ŝlomo Jidov, en la hebrea lingvo](https://youtu.be/NqsiU6ubrhY); [Ŝlomo Jidov, en la hispana lingvo](https://youtu.be/N8jd4yT1mqY); [kvar violonĉeloj](https://youtu.be/h5AXBEkWqaQ).',NULL,NULL,'vv',NULL,'xx',NULL,'vv','2',NULL,'g','+','a',NULL);
INSERT INTO "muzikaĵoj" VALUES('bodysurfing','🌊',NULL,'גלישת־גוף','Korpo-surfado','Bodysurfing','אוטה־סאן','Ohta-San',NULL,NULL,NULL,NULL,NULL,NULL,NULL,NULL,'misc',NULL,NULL,NULL,NULL,NULL,NULL,NULL,'[צמד האוקוללאיסטיות הונוקה ואזיטה](https://youtu.be/O4u8n_CjUDY).','[La ukulelista duopo Honoka kaj Azita](https://youtu.be/O4u8n_CjUDY).',NULL,NULL,'vv',NULL,'xx',NULL,'xrange','3',NULL,NULL,NULL,NULL,NULL);
INSERT INTO "muzikaĵoj" VALUES('amarilli','💓',NULL,'אמרילי יפתי','Amarilio mia bela','Amarilli mia bella','ג׳וליו קצ׳יני','Giulio Caccini',NULL,'https://he.wikipedia.org/wiki/%D7%92''%D7%95%D7%9C%D7%99%D7%95_%D7%A7%D7%90%D7%A6''%D7%99%D7%A0%D7%99',NULL,NULL,NULL,NULL,NULL,NULL,'antikva',NULL,'[IMSLP](http://imslp.org/wiki/Le_nuove_musiche_%28Caccini,_Giulio%29).','[IMSLP](http://imslp.org/wiki/Le_nuove_musiche_%28Caccini,_Giulio%29).',NULL,NULL,NULL,NULL,'[אליזבת בראון בלאוטה, לפי עיבוד שלה](https://youtu.be/MfCKNp258Rk); [ג׳ורדן ביבר שרה בליווי פסנתר](https://youtu.be/cqpL0g4Lsa4).','[Elizabeth Brown per liuto, laŭ sia aranĝo](https://youtu.be/MfCKNp258Rk); [Jordan Beaver kantas, kun akompana piano](https://youtu.be/cqpL0g4Lsa4).',NULL,NULL,'vv',NULL,'vv',NULL,'vv','2',6,'em','+','fis',NULL);
INSERT INTO "muzikaĵoj" VALUES('jeteveux','\emojione{🐧}','🐧','אני רוצה אותך','Mi volas vin','Je te veux','אריק סטי','Erik Satie',NULL,'https://he.wikipedia.org/wiki/%D7%90%D7%A8%D7%99%D7%A7_%D7%A1%D7%90%D7%98%D7%99','https://eo.wikipedia.org/wiki/Erik_Satie','אנרי פקורי','Henry Pacory',NULL,NULL,NULL,'misc',NULL,'[IMSLP](http://imslp.org/wiki/Je_te_veux_%28Satie,_Erik%29).','[IMSLP](http://imslp.org/wiki/Je_te_veux_%28Satie,_Erik%29).',NULL,NULL,NULL,NULL,'[ההיכרות הראשונה שלי עם היצירה](https://youtu.be/wGSfl9LPL4Q); [ביצוע של ALI PROJECT](https://youtu.be/b47r41vaRWg).','[Binary Land](https://youtu.be/wGSfl9LPL4Q); [ALI PROJECT](https://youtu.be/b47r41vaRWg).',NULL,NULL,'vv',NULL,'xx',NULL,'vv','2',NULL,'v',NULL,'a',NULL);
INSERT INTO "muzikaĵoj" VALUES('snowman','☃',NULL,'לשבור את הקרח: את רוצה לבנות איש שלג?','Frosta: Ĉu vi volas konstrui neĝhomon?','Frozen: Do You Want to Build a Snowman?','קריסטן אנדרסון-לופז ורוברט לופז','Kristen Anderson-Lopez kaj Robert Lopez',NULL,NULL,NULL,'קריסטן אנדרסון-לופז ורוברט לופז','Kristen Anderson-Lopez kaj Robert Lopez',NULL,NULL,NULL,'filmoj',NULL,'[לחליל ולפסנתר](https://musescore.com/user/159802/scores/317151).','[Por fluto kaj piano](https://musescore.com/user/159802/scores/317151).',NULL,NULL,NULL,NULL,'[קאבר חמוד, אנה בעולם האמיתי](https://youtu.be/0PGrtdcvlVE); [קטע מהסרט](https://youtu.be/V-zXT5bIBM0); [בעברית](https://youtu.be/wt_9h_Nx93Y); [באספרנטו](https://youtu.be/viZai4gWYDc).','[Beleta kovroversio, kun reala Anna](https://youtu.be/0PGrtdcvlVE); [el la filmo](https://youtu.be/V-zXT5bIBM0); [en Esperanto](https://youtu.be/viZai4gWYDc); [en la hebrea lingvo](https://youtu.be/wt_9h_Nx93Y).',NULL,NULL,'vv',NULL,'vv',NULL,'vv','1',6,'g',NULL,'e',NULL);
INSERT INTO "muzikaĵoj" VALUES('letitgo','🌨',NULL,'לשבור את הקרח: לשחרר','Frosta: Liberu','Frozen: Let it Go','קריסטן אנדרסון-לופז ורוברט לופז','Kristen Anderson-Lopez kaj Robert Lopez',NULL,NULL,NULL,'קריסטן אנדרסון-לופז ורוברט לופז','Kristen Anderson-Lopez kaj Robert Lopez',NULL,NULL,NULL,'filmoj',NULL,'[לכינור, חליל, גיטרה ופסנתר](https://musescore.com/user/5836056/scores/1475551).','[Por violino, fluto, gitaro kaj piano](https://musescore.com/user/5836056/scores/1475551).',NULL,NULL,NULL,NULL,'[בעברית](https://youtu.be/FJggxB22LV0); [באספרנטו](https://youtu.be/rUzkcde5evk).','[En Esperanto](https://youtu.be/rUzkcde5evk); [en la hebrea lingvo](https://youtu.be/FJggxB22LV0).',NULL,NULL,'vv',NULL,'xx',NULL,'vv','2',NULL,'g','+','d''',NULL);
INSERT INTO "muzikaĵoj" VALUES('dodatova','🌱',NULL,'דודה טובה, היה לה כובע','Onklino Tova havis ĉapelon',NULL,'דתיה בן־דור','Datja Ben-Dor',NULL,'https://he.wikipedia.org/wiki/%D7%93%D7%AA%D7%99%D7%94_%D7%91%D7%9F_%D7%93%D7%95%D7%A8',NULL,'דתיה בן־דור','Datja Ben-Dor',NULL,'https://he.wikipedia.org/wiki/%D7%93%D7%AA%D7%99%D7%94_%D7%91%D7%9F_%D7%93%D7%95%D7%A8',NULL,'he',NULL,NULL,NULL,NULL,NULL,NULL,NULL,'[עפרה, דודו, בץ ונולי](https://youtu.be/ebiO2MOmEUY); [מיכל ברנד וגיא פרידמן](https://youtu.be/1zkV5X7mDcQ) ב[ערוץ היוטיוב](https://www.youtube.com/user/saftadatia/videos) של דתיה בן־דור.','[Ofra, Dudu, Bac kaj Nuli](https://youtu.be/ebiO2MOmEUY); [Miĥal Brand kaj Gaj Fridman](https://youtu.be/1zkV5X7mDcQ) ĉe la [YouTuba-a ejo](https://www.youtube.com/user/saftadatia/videos) de Datja Ben-Dor.',NULL,NULL,'vv',NULL,'vv',NULL,'vv','1',6,'g','+','e',NULL);
INSERT INTO "muzikaĵoj" VALUES('cipi','🐤',NULL,'רגע עם דודלי: ציפי הציפור','Rega kun Dodli: Cipi la birdo',NULL,'רומן קונסמן','Roman Kunsman',NULL,NULL,NULL,NULL,NULL,NULL,NULL,NULL,'filmoj',NULL,NULL,NULL,NULL,NULL,NULL,NULL,'[קטע מהתוכנית](https://youtu.be/24ePsVUBtOI).','[De la televida programo](https://youtu.be/24ePsVUBtOI).',NULL,NULL,'vv',NULL,'vv',NULL,'vv','1',6,'d',NULL,'fis',NULL);
INSERT INTO "muzikaĵoj" VALUES('monkey','🐒',NULL,'אי הקופים','La insulo de la simioj','Monkey Island','מייקל לנד','Michael Land',NULL,NULL,NULL,NULL,NULL,NULL,NULL,NULL,'ludoj',NULL,'[MuseScore](https://musescore.com/user/182955/scores/734041)','[MuseScore](https://musescore.com/user/182955/scores/734041)',NULL,NULL,NULL,NULL,NULL,NULL,NULL,NULL,'…',NULL,NULL,NULL,'vv',NULL,NULL,'g','+','bes',NULL);
INSERT INTO "muzikaĵoj" VALUES('smb','🍄',NULL,'האחים סופר מריו','Super Mario fratoj','Super Mario Bros.','קוג׳י קונדו','Kōĝi Kondō','\Jap{近藤浩治}',NULL,NULL,NULL,NULL,NULL,NULL,NULL,'ludoj',NULL,'[טאבלטורה לאוקוללה שצמצמתי](http://ukulelehunt.com/2008/11/23/super-mario-bros-ukulele-tab/).','[Tabulaturo por ukulelo, kiun mi mallongigis](http://ukulelehunt.com/2008/11/23/super-mario-bros-ukulele-tab/).',NULL,'[ערך בוויקיפדיה](https://he.wikipedia.org/wiki/%D7%94%D7%90%D7%97%D7%99%D7%9D_%D7%A1%D7%95%D7%A4%D7%A8_%D7%9E%D7%A8%D7%99%D7%95).','[Ĉe Vikipedio](https://eo.wikipedia.org/wiki/Super_Mario_Fratoj).',NULL,'[שיעור שמלמד לנגן את המנגינה באוקוללה לפי הטבלטורה שהתבססתי עליה](https://youtu.be/DkzV4md_hFs); [בכינור עם אפקטים קוליים](https://youtu.be/VSBefGi7F-Y); [דואט מרימבה](https://youtu.be/DtzpGKadgew).','[Leciono de ukulelo](https://youtu.be/DkzV4md_hFs) (laŭ la pli plena tabulaturo); [per violino kun aŭdaj efektoj](https://youtu.be/VSBefGi7F-Y); [dueto de marimboj](https://youtu.be/DtzpGKadgew).',NULL,NULL,'vv',NULL,'xx',NULL,'vv','3',NULL,'g','+','g','https://app.box.com/shared/yzppuy15q3');
INSERT INTO "muzikaĵoj" VALUES('smw','\emojione{🥚}','🥚','העולם של סופר מריו','La mondo de Super Mario','Super Mario World','קוג׳י קונדו','Kōĝi Kondō','\Jap{近藤浩治}',NULL,NULL,NULL,NULL,NULL,NULL,NULL,'ludoj',NULL,'[לפסנתר](https://musescore.com/thenewmaestro/scores/51866).','[Por piano](https://musescore.com/thenewmaestro/scores/51866).',NULL,NULL,NULL,NULL,'[בכינור עם אפקטים קוליים](https://youtu.be/6m6amiqVccY); [א־קפלה×9](https://youtu.be/ndiD8V7zpAs); [ההישג הכביר ביותר של המין האנושי](https://youtu.be/Aj-Mf0ZVoGs).','[Per violino kun aŭdaj efektoj](https://youtu.be/6m6amiqVccY); [voĉa muziko](https://youtu.be/ndiD8V7zpAs); [la plej grandega atingo de la homaro](https://youtu.be/Aj-Mf0ZVoGs).',NULL,NULL,'vv',NULL,'…ritmo',NULL,'vv','1',6,'g','+','e',NULL);
INSERT INTO "muzikaĵoj" VALUES('zebra','📅',NULL,'למה לובשת הזברה פיז''מה?','Kial la zebro surhavas piĵamon?',NULL,'דובי זלצר','Dubi Zelcer',NULL,'https://he.wikipedia.org/wiki/%D7%93%D7%95%D7%91%D7%99_%D7%96%D7%9C%D7%A6%D7%A8',NULL,'ע. הלל','ʿ. Hilel',NULL,NULL,NULL,'he',NULL,NULL,NULL,NULL,'[ערך בוויקיפדיה](https://he.wikipedia.org/wiki/%D7%9E%D7%99_%D7%99%D7%95%D7%93%D7%A2_%D7%9E%D7%93%D7%95%D7%A2_%D7%95%D7%9C%D7%9E%D7%94_%D7%9C%D7%95%D7%91%D7%A9%D7%AA_%D7%94%D7%96%D7%91%D7%A8%D7%94_%D7%A4%D7%99%D7%92''%D7%9E%D7%94).',NULL,NULL,'[אות אות אות](https://youtu.be/Kf8L_AiGH_4); [משינה](https://youtu.be/aCLi5aNeYDo).','[Ot-ot-ot](https://youtu.be/Kf8L_AiGH_4); [Maŝina](https://youtu.be/aCLi5aNeYDo).',NULL,NULL,'vv',NULL,'vv',NULL,'vv','1',4,'g',NULL,'d',NULL);
INSERT INTO "muzikaĵoj" VALUES('kouzyounotuki','\Jap{月}','月','ירח מעל לטירה החרבה','La luno sur la ruina kastelo','\Jap{荒城の月}','רנטרו טקי','Rentarō Taki','\Jap{瀧 廉太郎}',NULL,NULL,NULL,NULL,NULL,NULL,NULL,'misc',NULL,NULL,NULL,NULL,NULL,NULL,NULL,'[שני קצוות צאצאי העוד: ביווה ולאוטה](https://youtu.be/w3v91_RawgM).','[Per la orienta kaj okcidenta idoj de la udo: bivo kaj liuto](https://youtu.be/w3v91_RawgM).',NULL,NULL,'vv',NULL,'vv',NULL,'vv','1',4,'g-phrygianminor',NULL,'g',NULL);
INSERT INTO "muzikaĵoj" VALUES('mizvada','💼',NULL,'ענן על מקל: קיפודה עם מזוודה','Nubo sur paliso: Histriko kun teko',NULL,'דידי שחר','Didi Ŝaĥar',NULL,NULL,NULL,'רינת הופר','Rinat Hofer',NULL,'https://he.wikipedia.org/wiki/%D7%A8%D7%99%D7%A0%D7%AA_%D7%94%D7%95%D7%A4%D7%A8',NULL,'albumoj',NULL,NULL,NULL,NULL,'[ב־bandcamp](https://music972.bandcamp.com/track/--445).','[Ĉe bandcamp](https://music972.bandcamp.com/track/--445).',NULL,'[קליפ „סטופ-מושן”](https://youtu.be/L3NnKbqwGTU) מאת תומר קלין־אורון; [קליפ רשמי](https://youtu.be/go-a644SxmM).','[Filmeto de «stop motion»](https://youtu.be/L3NnKbqwGTU) far Tomer Klin-Oron; [oficiala filmeto](https://youtu.be/go-a644SxmM).',NULL,NULL,'vv',NULL,'vv',NULL,'vv','1',4,'g',NULL,'d',NULL);
INSERT INTO "muzikaĵoj" VALUES('kipoda','✏',NULL,'ענן על מקל: קיפודה','Nubo sur paliso: Histriko',NULL,'דידי שחר','Didi Ŝaĥar',NULL,NULL,NULL,'רינת הופר','Rinat Hofer',NULL,'https://he.wikipedia.org/wiki/%D7%A8%D7%99%D7%A0%D7%AA_%D7%94%D7%95%D7%A4%D7%A8',NULL,'albumoj',NULL,NULL,NULL,NULL,'[ב־bandcamp](https://music972.bandcamp.com/track/--441).','[Ĉe bandcamp](https://music972.bandcamp.com/track/--441).',NULL,'[מתוך האלבום](https://youtu.be/aof_1cn1f2w).','[El la albumo](https://youtu.be/aof_1cn1f2w).',NULL,NULL,'vv',NULL,'vv',NULL,'vv','1',4,'d',NULL,'X',NULL);
INSERT INTO "muzikaĵoj" VALUES('cucaracha','🐞',NULL,'לה קוקרצ׳ה','La lerta blato','La cucaracha','עממי','{\popola}',NULL,NULL,NULL,'עממי','{\popola}',NULL,NULL,NULL,'popola',NULL,NULL,NULL,NULL,NULL,NULL,NULL,'[בשלושה אוקוללאים ושירה](https://youtu.be/QcWQNoDPgqc).','[Per tri ukuleloj kaj voĉo](https://youtu.be/QcWQNoDPgqc).',NULL,NULL,'vv',NULL,'vv',NULL,'vv','1',6,'g',NULL,'e',NULL);
INSERT INTO "muzikaĵoj" VALUES('cantiga-100','♍',NULL,'קנטיגה~100','Kantigo~100','Santa Maria Stela do dia','עממי / אלפונזו העשירי','{\popola} / Alfonso la 10-a',NULL,NULL,NULL,'עממי~/ אלפונזו העשירי','{\popola} / Alfonso la 10-a',NULL,NULL,'https://eo.wikipedia.org/wiki/Alfonso_la_10-a_%28Kastilio%29','antikva',NULL,'[מילים ותווים, עתיקים וחדשים](http://cantigasdesantamaria.com/csm/100).','[Kantoteksto kaj partituro, nova kaj malnova](http://cantigasdesantamaria.com/csm/100).',NULL,NULL,NULL,NULL,'[אחבבה](https://youtu.be/djmKy1fQF4s); [PerKelt](https://youtu.be/MOLXql3cVjM).','[Axabeba](https://youtu.be/djmKy1fQF4s); [PerKelt](https://youtu.be/MOLXql3cVjM).',NULL,NULL,'vv','x','vv',NULL,'vv','1',6,'edor',NULL,'e',NULL);
INSERT INTO "muzikaĵoj" VALUES('rošpina','\Jap{川}','川','ילדת טבע: שקדיה','Naturido: Migdalarbo',NULL,'עובד אפרת','Oved Efrat',NULL,'https://he.wikipedia.org/wiki/%D7%A2%D7%95%D7%91%D7%93_%D7%90%D7%A4%D7%A8%D7%AA',NULL,'עדולה','Adula',NULL,'https://he.wikipedia.org/wiki/%D7%A1%D7%91%D7%99%D7%A0%D7%94_%D7%9E%D7%A1%D7%92',NULL,'albumoj',NULL,NULL,NULL,NULL,NULL,NULL,NULL,'[שקדיות פורחות בנחל ראש פינה](https://youtu.be/aXmXoWiUqp8).',NULL,NULL,NULL,'vv',NULL,'vv',NULL,'vv','1',6,'d','+','e',NULL);
INSERT INTO "muzikaĵoj" VALUES('gamadot','🍪',NULL,'ילדת טבע: שש גמדות','Naturido: ses nanoj',NULL,'חוה אלברשטיין','Ĥava Alberŝtejn',NULL,'https://he.wikipedia.org/wiki/%D7%97%D7%95%D7%94_%D7%90%D7%9C%D7%91%D7%A8%D7%A9%D7%98%D7%99%D7%99%D7%9F',NULL,'עדולה','Adula',NULL,'https://he.wikipedia.org/wiki/%D7%A1%D7%91%D7%99%D7%A0%D7%94_%D7%9E%D7%A1%D7%92',NULL,'albumoj',NULL,NULL,NULL,NULL,NULL,NULL,NULL,'[סרטון](https://youtu.be/er5Sp61hbHc).','[Filmeto](https://youtu.be/er5Sp61hbHc).',NULL,NULL,'vv',NULL,'vv',NULL,'vv','1',4,'g',NULL,'g',NULL);
INSERT INTO "muzikaĵoj" VALUES('cabeza','🐴',NULL,'פור אונה קבזה','Pro unu kapo','Por una cabeza','קרלוס גרדל','Carlos Gardel',NULL,'https://he.wikipedia.org/wiki/%D7%A7%D7%A8%D7%9C%D7%95%D7%A1_%D7%92%D7%A8%D7%93%D7%9C','https://eo.wikipedia.org/wiki/Carlos_Gardel','אלפרדו לה־פרה','Alfredo Le Pera',NULL,NULL,NULL,'misc',NULL,'[IMSLP](http://imslp.org/wiki/Por_una_Cabeza_%28Gardel,_Carlos%29); [MuseScore](https://musescore.com/user/100608/scores/281351).','[IMSLP](http://imslp.org/wiki/Por_una_Cabeza_%28Gardel,_Carlos%29); [MuseScore](https://musescore.com/user/100608/scores/281351).',NULL,'[ערך בוויקיפדיה](https://he.wikipedia.org/wiki/Por_una_cabeza).',NULL,NULL,'[מלודיקה אחת](https://youtu.be/C5MJdLMjsVM); [ארבע מלודיקות](https://youtu.be/W2MdAVvMRr8).','[Unu blovklavaro](https://youtu.be/C5MJdLMjsVM); [Kvar blovklavaroj](https://youtu.be/W2MdAVvMRr8).','הטנגו הזה מופיע בהרבה סרטים. למה? הסיפור הוא כזה. גרדל ולה־פרה הלחינו וכתבו לו את המילים, בהתאמה, ב־1935. ביוני של אותה השנה שניהם מתו בתאונת מטוס. חמישים שנה אחר־כך, ב־1985, פגו זכויות היוצרים שלהם, כך שבמאים ואולפנים יכלו לשבץ את הטנגו הנפלא הזה בסרטים שלהם ללא חשש. (אגב, בארה״ב במדינות אחרות תאגידים צמאי־ממון לוחצים כל הזמן להאריך את התוקף של זכויות יוצרים; ב־1998 הם הצליחו להאריך את התקופה בעוד 20 שנה, ל־70 שנה אחרי מות היוצר).',NULL,'vv',NULL,'xx',NULL,'vv','2',NULL,'v','+','b',NULL);
INSERT INTO "muzikaĵoj" VALUES('sevivon','⟳',NULL,'סובב הסביבון','La turbo turbas',NULL,'עממי','{\popola}',NULL,NULL,NULL,'עממי','{\popola}',NULL,NULL,NULL,'he',NULL,NULL,NULL,NULL,NULL,NULL,NULL,'[פרסומת לחנ״ב](https://youtu.be/kPK0IABEpPs)…','[Reklamo por hejmeduko](https://youtu.be/kPK0IABEpPs)…',NULL,NULL,'vv',NULL,'vv',NULL,'vv','1',6,'d',NULL,'e',NULL);
INSERT INTO "muzikaĵoj" VALUES('delet','👁',NULL,'דלת הקסמים','La magia pordo',NULL,'נורית הירש','Nurit Hirŝ',NULL,'https://he.wikipedia.org/wiki/%D7%A0%D7%95%D7%A8%D7%99%D7%AA_%D7%94%D7%99%D7%A8%D7%A9',NULL,'יורם טהר־לב','Joram Tehar-Lev',NULL,'https://he.wikipedia.org/wiki/%D7%99%D7%95%D7%A8%D7%9D_%D7%98%D7%94%D7%A8%D7%9C%D7%91',NULL,'filmoj',NULL,'בספר „מקהלה עליזה”.',NULL,NULL,NULL,NULL,NULL,'[פרקי הסדרה](https://www.youtube.com/playlist?list=PL51YAgTlfPj7R3W2-ae8oaXbfjaR6hijP).','[Filmoj](https://www.youtube.com/playlist?list=PL51YAgTlfPj7R3W2-ae8oaXbfjaR6hijP).',NULL,NULL,'vv',NULL,'vv',NULL,'vv','1',6,'g',NULL,'e',NULL);
INSERT INTO "muzikaĵoj" VALUES('kirby','🌀',NULL,'קירבי','Kirby','\Jap{星のカービィ}','ג׳וּן אישיקווה','Ĝun Iŝikaŭa','\Jap{石川 淳}',NULL,NULL,NULL,NULL,NULL,NULL,NULL,'ludoj',NULL,'[MuseScore](https://musescore.com/user/1614786/scores/676596).','[MuseScore](https://musescore.com/user/1614786/scores/676596).',NULL,'[ערך בוויקיפדיה](https://he.wikipedia.org/wiki/%D7%A7%D7%99%D7%A8%D7%91%D7%99).','[Ĉe Vikipedio](https://eo.wikipedia.org/wiki/Kirby_%28serio%29).',NULL,'[המשחק הראשון](https://youtu.be/giWzzjEgGIM).','[La unua ludo](https://youtu.be/giWzzjEgGIM).',NULL,NULL,'vv',NULL,'xx',NULL,'vv','1',NULL,'v','+','g',NULL);
INSERT INTO "muzikaĵoj" VALUES('elise','𝆏',NULL,'לאֶלִיזֶה','Por Elizo','Für Elise','לודוויג ון בטהובן','Ludwig van Beethoven',NULL,'https://he.wikipedia.org/wiki/%D7%9C%D7%95%D7%93%D7%95%D7%95%D7%99%D7%92_%D7%95%D7%90%D7%9F_%D7%91%D7%98%D7%94%D7%95%D7%91%D7%9F','https://eo.wikipedia.org/wiki/Ludwig_van_Beethoven',NULL,NULL,NULL,NULL,NULL,'klasika',NULL,'[Mutopia](http://www.mutopiaproject.org/cgibin/piece-info.cgi?id=931); [IMSLP](http://imslp.org/wiki/F%C3%BCr_Elise,_WoO_59_%28Beethoven,_Ludwig_van%29); [MuseScore](https://musescore.com/user/8421/scores/21526).','[Mutopia](http://www.mutopiaproject.org/cgibin/piece-info.cgi?id=931); [IMSLP](http://imslp.org/wiki/F%C3%BCr_Elise,_WoO_59_%28Beethoven,_Ludwig_van%29); [MuseScore](https://musescore.com/user/8421/scores/21526).',NULL,'[ערך בוויקיפדיה](https://he.wikipedia.org/wiki/%D7%9C%D7%90%D7%9C%D7%99%D7%96%D7%94).',NULL,NULL,'[ידיים×2 + תווים + ויזואליזציה צבעונית](https://youtu.be/gD-OMO1pDNk).','[manoj×2 + notskribo + kolorhava imagado](https://youtu.be/gD-OMO1pDNk).','בגלל מגבלות המנעד של הכלי, לא היתה ברירה אלא „לקפל” תווים באוקטבות נמוכות למעלה ובגבוהות למטה.',NULL,'vv',NULL,'xx',NULL,'vv','3',NULL,'bm','+','dis''',NULL);
INSERT INTO "muzikaĵoj" VALUES('dovregubbens','👑',NULL,'בהיכלו של מלך־ההר','En la kaverno de la montara reĝo','I Dovregubbens hall','אדוורד גריג','Edvard Grieg',NULL,'https://he.wikipedia.org/wiki/%D7%90%D7%93%D7%95%D7%95%D7%A8%D7%93_%D7%92%D7%A8%D7%99%D7%92','https://eo.wikipedia.org/wiki/Edvard_Grieg','הנריק איבסן','Henrik Ibsen',NULL,'https://he.wikipedia.org/wiki/%D7%94%D7%A0%D7%A8%D7%99%D7%A7_%D7%90%D7%99%D7%91%D7%A1%D7%9F','https://eo.wikipedia.org/wiki/Henrik_Ibsen','klasika',NULL,'[Mutopia](http://www.mutopiaproject.org/cgibin/piece-info.cgi?id=1888).','[Mutopia](http://www.mutopiaproject.org/cgibin/piece-info.cgi?id=1888).',NULL,'[ערך בוויקיפדיה](https://he.wikipedia.org/wiki/%D7%A4%D7%A8_%D7%92%D7%99%D7%A0%D7%98).','[Ĉe Vikipedio](https://eo.wikipedia.org/wiki/Peer_Gynt).',NULL,'[הנפשה](https://youtu.be/r__Dk4oWGJQ).','[Animacio](https://www.youtube.com/watch?v=r__Dk4oWGJQ).','המנגינה מגיעה לגבהים מטורפים שנמצאים מחוץ למנעד של האוקוללה. חתכתי את מה שאי אפשר לנגן באוקוללה.',NULL,'vv',NULL,'xx',NULL,'xrange','3',NULL,NULL,NULL,NULL,NULL);
INSERT INTO "muzikaĵoj" VALUES('morgenstemning','🌅',NULL,'נעימת בוקר','Matena humoro','Morgenstemning','אדוורד גריג','Edvard Grieg',NULL,'https://he.wikipedia.org/wiki/%D7%90%D7%93%D7%95%D7%95%D7%A8%D7%93_%D7%92%D7%A8%D7%99%D7%92','https://eo.wikipedia.org/wiki/Edvard_Grieg',NULL,NULL,NULL,NULL,NULL,'klasika',NULL,'[MuseScore](https://musescore.com/user/188955/scores/2513416).','[MuseScore](https://musescore.com/user/188955/scores/2513416).',NULL,'[ערך בוויקיפדיה](https://he.wikipedia.org/wiki/%D7%A4%D7%A8_%D7%92%D7%99%D7%A0%D7%98).','[Ĉe Vikipedio](https://eo.wikipedia.org/wiki/Peer_Gynt).',NULL,'[בנגינת תזמורת](https://youtu.be/O2gDFJWhXp8).','[Orkestro](https://youtu.be/O2gDFJWhXp8).',NULL,NULL,'vv',NULL,'xx',NULL,'xrange','3',NULL,NULL,NULL,NULL,NULL);
INSERT INTO "muzikaĵoj" VALUES('minuet','☧',NULL,'מנואט בסול מז׳ור','Menueto (G-maĵoro)',NULL,'כריסטיאן פצולד','Christian Petzold',NULL,NULL,NULL,NULL,NULL,NULL,NULL,NULL,'klasika',NULL,'[Mutopia](http://www.mutopiaproject.org/cgibin/make-table.cgi?searchingfor=Anh.+114).','[Mutopia](http://www.mutopiaproject.org/cgibin/make-table.cgi?searchingfor=Anh.+114).',NULL,NULL,NULL,NULL,'[בנבל](https://youtu.be/9rDPQ04QVd8); [גרסת שם טוב לוי](https://youtu.be/lSoCcyyl8b8).','[Per harpo](https://youtu.be/9rDPQ04QVd8); [la versio de Ŝem Tov Levi](https://youtu.be/lSoCcyyl8b8).',NULL,NULL,'vv',NULL,'xx',NULL,'vv','2',NULL,'g','=','b',NULL);
INSERT INTO "muzikaĵoj" VALUES('xacot','🕛',NULL,'כבר אחרי חצות','Post noktomezo',NULL,'נורית הירש','Nurit Hirŝ',NULL,'https://he.wikipedia.org/wiki/%D7%A0%D7%95%D7%A8%D7%99%D7%AA_%D7%94%D7%99%D7%A8%D7%A9',NULL,'עמוס אטינגר','Amos Etinger',NULL,'https://he.wikipedia.org/wiki/%D7%A2%D7%9E%D7%95%D7%A1_%D7%90%D7%98%D7%99%D7%A0%D7%92%D7%A8',NULL,'he',NULL,NULL,NULL,NULL,NULL,NULL,NULL,'[בשירת גאיה ממן ובנגינת נורית הירש](https://youtu.be/SnDXEPsweJ0?t=3m5s); [בשירת אילנית](https://youtu.be/u691UVOutA4).','[Kantita de Gaja Maman kaj ludita per piano de Nurit Hirŝ](https://youtu.be/SnDXEPsweJ0?t=3m5s); [kantita de Ilanit](https://youtu.be/u691UVOutA4).',NULL,NULL,'vv',NULL,'vv',NULL,'vv','1',6,'g','+','g',NULL);
INSERT INTO "muzikaĵoj" VALUES('šošanim','🌹',NULL,'ערב של שושנים','Vespero de rozoj',NULL,'יוסף הדר','Josef Hadar',NULL,'https://he.wikipedia.org/wiki/%D7%99%D7%95%D7%A1%D7%A3_%D7%94%D7%93%D7%A8',NULL,'משה דור','Moŝe Dor',NULL,'https://he.wikipedia.org/wiki/%D7%9E%D7%A9%D7%94_%D7%93%D7%95%D7%A8',NULL,'he',NULL,'[ABC](http://abcnotation.com/tunePage?a=trillian.mit.edu/~jc/music/abc/Contra/KC/song/ErevShelShoshanimS_C/0000).','[ABC](http://abcnotation.com/tunePage?a=trillian.mit.edu/~jc/music/abc/Contra/KC/song/ErevShelShoshanimS_C/0000).','1:49',NULL,NULL,NULL,'[הדודאים](https://youtu.be/mXFRmCxYSIY); [אריק איינשטיין משנה כמה צלילים](https://youtu.be/y-9tVAhpOJU); [יפה ירקוני בספרדית](https://youtu.be/TuwvDseCoKU).','[Ha Dudaim](https://youtu.be/mXFRmCxYSIY); [Arik Ajinŝtejn ŝanĝante notojn](https://youtu.be/y-9tVAhpOJU); [Jafa Jarkoni kantante en la hispana lingvo](https://youtu.be/TuwvDseCoKU).',NULL,NULL,'vv',NULL,'vv',NULL,'vv','1',6,'em','=','f',NULL);
INSERT INTO "muzikaĵoj" VALUES('reem','👧',NULL,'הילד הג׳ינג׳י','La rufa knabo','The Red Haired Boy','עממי','{\popola}',NULL,NULL,NULL,NULL,NULL,NULL,NULL,NULL,'popola',NULL,'[The Session](https://thesession.org/tunes/566).','[The Session](https://thesession.org/tunes/566).',NULL,NULL,NULL,NULL,'הנרי הוא אדם מגניב במיוחד שגם [מנגן](https://youtu.be/8bDlCNt80Iw) וגם עושה סרטונים מגניבים לא פחות על [פיזיקה](https://www.youtube.com/user/minutephysics) ועל [כדה״א](https://www.youtube.com/user/minuteearth).','Henry estas mojosulo, kiu kaj [ludas](https://youtu.be/8bDlCNt80Iw) kaj faras animaciajn filmetojn pri [fiziko](https://www.youtube.com/user/minutephysics) kaj pri [la Tero](https://www.youtube.com/user/minuteearth).',NULL,NULL,'vv',NULL,'xx',NULL,'vv','2',NULL,'amix',NULL,'a',NULL);
INSERT INTO "muzikaĵoj" VALUES('tetris','┻',NULL,'קורובייניקי','Korobjejniki','\Rus{Коробейники}','עממי','{\popola}',NULL,NULL,NULL,NULL,NULL,NULL,NULL,NULL,'popola',NULL,NULL,NULL,NULL,NULL,NULL,NULL,'[צ׳יפטיון](https://youtu.be/NmCCQxVBfyM); [א־קפלה](https://youtu.be/PV06M-Gqxgg).','[Ĉiptuno](https://youtu.be/NmCCQxVBfyM); [voĉa muziko](https://youtu.be/PV06M-Gqxgg).','„המנגינה של טטריס”.','«La melodio de Tetris»…','vv',NULL,'vv',NULL,'vv','1',4,'d','+','e',NULL);
INSERT INTO "muzikaĵoj" VALUES('fiore','❀',NULL,'הפרח הלבן','La blanka floro','Il bianco fiore','אלמוני/ת','{\sennoma}',NULL,NULL,NULL,NULL,NULL,NULL,NULL,NULL,'antikva',NULL,'[טבלטורה ללאוטה](http://gerbode.net/sources/negri_nuove_inventione_1604/pdf/08_il_bianco_fiori.pdf).','[Tabulaturo por liuto](http://gerbode.net/sources/negri_nuove_inventione_1604/pdf/08_il_bianco_fiori.pdf).',NULL,NULL,NULL,NULL,'[בלאוטה](https://youtu.be/nPPOMWNX3jc).','[Per liuto](https://youtu.be/nPPOMWNX3jc).','מתוך אוסף מנגינות לריקוד שקיבץ צ׳זרה נגרי.',NULL,'vv',NULL,'vv',NULL,'vv','1',6,'g',NULL,'e',NULL);
INSERT INTO "muzikaĵoj" VALUES('majim','🚰',NULL,'מה עם המים?','Kio okazis pri la akvo?',NULL,'נורית הירש','Nurit Hirŝ',NULL,'https://he.wikipedia.org/wiki/%D7%A0%D7%95%D7%A8%D7%99%D7%AA_%D7%94%D7%99%D7%A8%D7%A9',NULL,'לאה נאור','Lea Naor',NULL,'https://he.wikipedia.org/wiki/%D7%9C%D7%90%D7%94_%D7%A0%D7%90%D7%95%D7%A8',NULL,'he',NULL,'בספר „מקהלה עליזה”.',NULL,NULL,NULL,NULL,NULL,'[אילנית](https://youtu.be/Pkexc6eNX-s).','[Ilanit](https://youtu.be/Pkexc6eNX-s).',NULL,NULL,'vv',NULL,'vv',NULL,'vv','1',4,'d',NULL,'g',NULL);
INSERT INTO "muzikaĵoj" VALUES('slixot','\Kmt{𓂀}','𓂀','סליחות','Pardono',NULL,'עודד לרר','Oded Lerer',NULL,NULL,NULL,'לאה גולדברג','Lea Goldberg',NULL,'https://he.wikipedia.org/wiki/%D7%9C%D7%90%D7%94_%D7%92%D7%95%D7%9C%D7%93%D7%91%D7%A8%D7%92','https://eo.wikipedia.org/wiki/Lea_Goldberg','he',NULL,'בספר „[שרים במקהלה](http://www.aryeh-levanon.com/%D7%A1%D7%A4%D7%A8%D7%99%D7%9D/)”.','En la libro «[kanti ĉe ĥoro](http://www.aryeh-levanon.com/%D7%A1%D7%A4%D7%A8%D7%99%D7%9D/)».',NULL,NULL,NULL,NULL,'[יהודית רביץ בשירה ובגיטרה](https://youtu.be/Og4G3HtZFF4); [יעל שינדלר באקורדיון](https://youtu.be/eFUKvASjx1Q).','[Judit Ravic ludas kun gitaro](https://youtu.be/Og4G3HtZFF4); [Jael Ŝindler per akordiono](https://youtu.be/eFUKvASjx1Q).',NULL,NULL,'vv',NULL,'xx',NULL,'vv','2',NULL,'em','+','a',NULL);
INSERT INTO "muzikaĵoj" VALUES('daphne','✌',NULL,'המתיני, דפני, הנאווה בנערות','Atendu, Dafna, la plej bela fraŭlino','Doen Daphne d’over schoone Maeght','אלמוני/ת','{\sennoma}',NULL,NULL,NULL,NULL,NULL,NULL,NULL,NULL,'antikva',NULL,'מתוך האוסף „[גן־התענוגות של החליל(ית)](http://imslp.org/wiki/Der_Fluyten_Lust-Hof_%28Eyck,_Jacob_van%29)” מאת [יעקב ון אייק](https://he.wikipedia.org/wiki/%D7%99%D7%90%D7%A7%D7%95%D7%91_%D7%95%D7%90%D7%9F_%D7%90%D7%99%D7%99%D7%A7), 1644.','De la muzikaĵaro «[Der Fluyten Lust-Hof](http://imslp.org/wiki/Der_Fluyten_Lust-Hof_%28Eyck,_Jacob_van%29)» far [Jacob van Eyck](https://eo.wikipedia.org/wiki/Jacob_van_Eyck), 1644.',NULL,NULL,NULL,NULL,'[פרנסואה לזרביץ מנגן בחלילית במנזר ההר הקדוש](https://youtu.be/8mlQdeHKfGU); [לרקוד זה כיף](https://youtu.be/oVAiBh8V-qk).','[François Lazarevitch ludas per bekfluto ĉe la Abatejo de Royaumont](https://youtu.be/8mlQdeHKfGU); [dancado estas plezuro](https://youtu.be/oVAiBh8V-qk).',NULL,NULL,'vv',NULL,'xx',NULL,'vv','2',NULL,'edor','+','a',NULL);
INSERT INTO "muzikaĵoj" VALUES('lachrymae','😢',NULL,'זִלגו דמעותי','La pavano de la larmoj','Pavan Lachrymae','ג׳ון דוולנד','John Dowland',NULL,'https://he.wikipedia.org/wiki/%D7%92''%D7%95%D7%9F_%D7%93%D7%90%D7%95%D7%9C%D7%A0%D7%93',NULL,'ג׳ון דוולנד','John Dowland',NULL,'https://he.wikipedia.org/wiki/%D7%92''%D7%95%D7%9F_%D7%93%D7%90%D7%95%D7%9C%D7%A0%D7%93',NULL,'antikva',NULL,'הגרסה הראשונה, השיר „[זרמו דמעותי](http://gerbode.net/composers/Dowland/songs/2nd_book_of_ayres/02_flow_my_tears/)” מאת דוולנד; השניה, מתוך האוסף „[גן־התענוגות של החליל(ית)](http://imslp.org/wiki/Der_Fluyten_Lust-Hof_%28Eyck,_Jacob_van%29)” מאת [יעקב ון אייק](https://he.wikipedia.org/wiki/%D7%99%D7%90%D7%A7%D7%95%D7%91_%D7%95%D7%90%D7%9F_%D7%90%D7%99%D7%99%D7%A7), 1644.','La unua versio, de la kanto «[Fluu, mia larmoj](http://gerbode.net/composers/Dowland/songs/2nd_book_of_ayres/02_flow_my_tears/)» far Dowland; la dua, de la muzikaĵaro «[Der Fluyten Lust-Hof](http://imslp.org/wiki/Der_Fluyten_Lust-Hof_%28Eyck,_Jacob_van%29)» far [Jacob van Eyck](https://eo.wikipedia.org/wiki/Jacob_van_Eyck), 1644.',NULL,NULL,NULL,NULL,'[כריס גייל באוקרינה](https://youtu.be/UnyGHwIUmlo?t=11m26s) („זִלגו דמעותי”); [פרנס בריגן בחלילית](https://youtu.be/_fI9_1qLXmc) (גרסת ון אייק); [ביצוע ממוחשב באנימציה וסינתוז צליל](https://youtu.be/zHKaXxVSFl8) (גרסת ון אייק).','[Chris Gale per okarino](https://youtu.be/UnyGHwIUmlo?t=11m26s) («Fluu, mia larmoj»); [Frans Brüggn](https://youtu.be/_fI9_1qLXmc) (van Eyck); [MIDI kun animacio](https://youtu.be/zHKaXxVSFl8) (van Eyck).',NULL,NULL,'vv',NULL,'vv',NULL,'vv','1',6,'bm','+','fis',NULL);
INSERT INTO "muzikaĵoj" VALUES('arivederči','👷',NULL,'הבלדה על ארי ודרצ׳י','La balado pri Ari kaj Derĉi',NULL,'דני סנדרסון','Dani Sanderson',NULL,'https://he.wikipedia.org/wiki/%D7%93%D7%A0%D7%99_%D7%A1%D7%A0%D7%93%D7%A8%D7%A1%D7%95%D7%9F',NULL,'דני סנדרסון','Dani Sanderson',NULL,'https://he.wikipedia.org/wiki/%D7%93%D7%A0%D7%99_%D7%A1%D7%A0%D7%93%D7%A8%D7%A1%D7%95%D7%9F',NULL,'he',NULL,'בספר „סנדרסון: כוורת, גזוז, דודה”.',replace('En la libro «Sanderson: Kaveret, Gazoz, Doda».\n','\n',char(10)),NULL,'[ערך בוויקיפדיה](https://he.wikipedia.org/wiki/%D7%94%D7%91%D7%9C%D7%93%D7%94_%D7%A2%D7%9C_%D7%90%D7%A8%D7%99_%D7%95%D7%93%D7%A8%D7%A6''%D7%99).',NULL,NULL,'[מתוך „פוגי בפיתה”](https://youtu.be/LkEB38wUf94); [חזרה של אנשי הארון](https://youtu.be/sFDf1ETQBx8).','[De «Pugi»](https://youtu.be/LkEB38wUf94); [provludo de la Ŝrankuloj](https://youtu.be/sFDf1ETQBx8).',NULL,NULL,'vv',NULL,'xx',NULL,'vv','2',NULL,'em','+','c''',NULL);
INSERT INTO "muzikaĵoj" VALUES('ima3','🤰',NULL,'את עושה אותי אמא','Vi faras min patrino',NULL,'יהודית רביץ','Judit Ravic',NULL,'https://he.wikipedia.org/wiki/%D7%99%D7%94%D7%95%D7%93%D7%99%D7%AA_%D7%A8%D7%91%D7%99%D7%A5',NULL,'עינת רז','Ejnat Raz',NULL,NULL,NULL,'he',NULL,NULL,NULL,NULL,NULL,NULL,NULL,'[יהודית רביץ](https://youtu.be/8uksaZd2QRw).','[Judit Ravic](https://youtu.be/8uksaZd2QRw).','יכול להיות שיש מה לשפר בתווים.',NULL,NULL,NULL,NULL,NULL,'vv',NULL,NULL,'v','+','d',NULL);
INSERT INTO "muzikaĵoj" VALUES('how','🐾',NULL,'טיול בשדרה','Promenado laŭ la avenuo',NULL,'יהודית רביץ','Judit Ravic',NULL,'https://he.wikipedia.org/wiki/%D7%99%D7%94%D7%95%D7%93%D7%99%D7%AA_%D7%A8%D7%91%D7%99%D7%A5',NULL,'יענקל׳ה רוטבליט','Jankale Rotblit',NULL,'https://he.wikipedia.org/wiki/%D7%99%D7%A2%D7%A7%D7%91_%D7%A8%D7%95%D7%98%D7%91%D7%9C%D7%99%D7%98',NULL,'he',NULL,'בספר „[מאבד תמלילים](http://www.rotblit.co.il/tamlil.htm)”.','En la libro «[Meabed tamlilim](http://www.rotblit.co.il/tamlil.htm)».',NULL,NULL,NULL,NULL,'[יהודית רביץ](https://youtu.be/xx0hhyageoQ).','[Judit Ravic](https://youtu.be/xx0hhyageoQ).',NULL,NULL,NULL,NULL,NULL,NULL,'vv',NULL,NULL,'d','+','d',NULL);
INSERT INTO "muzikaĵoj" VALUES('haretahini','🎀',NULL,'שירות המשלוחים של קיקי: ביום בהיר','Eksprespoŝto per Sorĉistino: ĉe klara tago','\Jap{魔女の宅急便：晴れた日に}','ג׳ו היסאישי','Ĝo Hisaiŝi','\Jap{久石譲}','https://he.wikipedia.org/wiki/%D7%92%27%D7%95_%D7%94%D7%99%D7%A1%D7%90%D7%99%D7%A9%D7%99','https://eo.wikipedia.org/wiki/Joe_Hisaishi',NULL,NULL,NULL,NULL,NULL,'filmoj',NULL,'[MuseScore](https://musescore.com/user/20824961/scores/4038121)','[MuseScore](https://musescore.com/user/20824961/scores/4038121)',NULL,NULL,NULL,NULL,NULL,NULL,NULL,NULL,NULL,NULL,NULL,NULL,'vv',NULL,NULL,'g','+','fis',NULL);
INSERT INTO "muzikaĵoj" VALUES('shovel-theme','♠',NULL,'אביר/ת המעדר','Ŝovelila Kavaliro',NULL,'ג׳ק קאופמן','Jake Kaufman',NULL,NULL,NULL,NULL,NULL,NULL,NULL,NULL,'ludoj',NULL,'[MuseScore](https://musescore.com/ericfontainejazz/shovel-knight-main-theme-leadsheet).','[MuseScore](https://musescore.com/ericfontainejazz/shovel-knight-main-theme-leadsheet).',NULL,NULL,NULL,NULL,'[VRC6](http://virt.bandcamp.com/track/main-theme).','[VRC6](http://virt.bandcamp.com/track/main-theme).',NULL,NULL,'vv',NULL,'xx',NULL,'vv','2',NULL,'d','+','d''',NULL);
INSERT INTO "muzikaĵoj" VALUES('elingeling','🔨',NULL,'גמלן: אלינג אלינג','Eling Eling',NULL,'עממי','{\popola}',NULL,NULL,NULL,NULL,NULL,NULL,NULL,NULL,'popola',NULL,NULL,NULL,NULL,NULL,NULL,NULL,'[ביצוע מקוצץ ראש וזנב](https://youtu.be/K4Q-69ceqz8). אם אתם מוצאים הקלטה מלאה, אשמח לדעת.','[Senkapa kaj senvosta sonregistro](https://youtu.be/K4Q-69ceqz8); se vi konas pli bona sonregistro, bonvolu informi min.','השלד של יצירה ב[פלוג](https://jv.wikipedia.org/wiki/P%C3%A9log) ל[גמלן](https://he.wikipedia.org/wiki/%D7%92%D7%9E%D7%9C%D7%90%D7%9F_(%D7%9E%D7%95%D7%96%D7%99%D7%A7%D7%94)) מהאי [ג׳ווה](https://he.wikipedia.org/wiki/%D7%92%27%D7%90%D7%95%D7%95%D7%94). יש כאן שתי התפשרויות משמעותיות: היא לא אמורה להיות מנוגנת בכלי אחד אלא בכלים הרבים של הגמלן, והנגינה לפי כיוון מערבי היא קירוב בלבד.','La framo de [gamelana](https://eo.wikipedia.org/wiki/Gamelano) muzikaĵo de la insulo [Javo](https://eo.wikipedia.org/wiki/Javo), en [Pelog](https://jv.wikipedia.org/wiki/P%C3%A9log). Tio estas kompromiso, kaj ĉar la muzikaĵo devas esti ludita per multaj gamelanaj instrumentoj kaj ĉar la okcidenta muzika agordo estas nur proksimumo.','vv',NULL,'vv',NULL,'vv','1',NULL,'e-pelog','(+)','X',NULL);
INSERT INTO "muzikaĵoj" VALUES('pangkur','🔨',NULL,'גמלן: פנקור','Ladrang Pangkur Slendro Sanga',NULL,'עממי','{\popola}',NULL,NULL,NULL,NULL,NULL,NULL,NULL,NULL,'popola',NULL,NULL,NULL,NULL,NULL,NULL,NULL,'שלושה ביצועים: [עם זום על הכלים השונים](https://youtu.be/SqE9C9xLuHI), [מזווית קבועה](https://youtu.be/cG11uH-jeyM), [מהצד](https://youtu.be/QWzXXluI6go).','Tri vidregistroj: [kun variema zomo](https://youtu.be/SqE9C9xLuHI), [el malvariema angulo](https://youtu.be/cG11uH-jeyM), [el la flanko](https://youtu.be/QWzXXluI6go).','השלד של יצירה ב[סלנדרו](https://jv.wikipedia.org/wiki/Sl%C3%A9ndro) ל[גמלן](https://he.wikipedia.org/wiki/%D7%92%D7%9E%D7%9C%D7%90%D7%9F_(%D7%9E%D7%95%D7%96%D7%99%D7%A7%D7%94)) מהאי [ג׳ווה](https://he.wikipedia.org/wiki/%D7%92%27%D7%90%D7%95%D7%95%D7%94). יש כאן שתי התפשרויות משמעותיות: היא לא אמורה להיות מנוגנת בכלי אחד אלא בכלים הרבים של הגמלן, והנגינה לפי כיוון מערבי היא קירוב בלבד.','La framo de [gamelana](https://eo.wikipedia.org/wiki/Gamelano) muzikaĵo de la insulo [Javo](https://eo.wikipedia.org/wiki/Javo), en [slendro](https://jv.wikipedia.org/wiki/Sl%C3%A9ndro). Tio estas kompromiso, kaj ĉar la muzikaĵo devas esti ludita per multaj gamelanaj instrumentoj kaj ĉar la okcidenta muzika agordo estas nur proksimumo.','vv',NULL,'vv',NULL,'vv','1',NULL,'d-slendro',NULL,'X',NULL);
INSERT INTO "muzikaĵoj" VALUES('morenica','●',NULL,'שחרחורת','Nigranjo','Morenica','עממי','{\popola}',NULL,NULL,NULL,'עממי','{\popola}',NULL,NULL,NULL,'popola',NULL,'[archive.folx.org](http://archive.folx.org/tune/morenica-1881).','[archive.folx.org](http://archive.folx.org/tune/morenica-1881).',NULL,'[ערך בוויקיפדיה](https://he.wikipedia.org/wiki/%D7%A9%D7%97%D7%A8%D7%97%D7%95%D7%A8%D7%AA).',NULL,NULL,'[סירוקו](https://youtu.be/StMKyciEK24); [עפרה חזה](https://youtu.be/s0BL6jD56BE); [נני](https://youtu.be/4aKMxd7Zk0s).','[Sirocco](https://youtu.be/StMKyciEK24); [Ofra Ĥaza](https://youtu.be/s0BL6jD56BE); [Nani](https://youtu.be/4aKMxd7Zk0s).',NULL,NULL,'vv',NULL,'vv',NULL,'vv','1',6,'em','+','e',NULL);
INSERT INTO "muzikaĵoj" VALUES('howfar','🐚',NULL,'מואנה: כמה רחוק','Moana: Kiom for mi iros','Moana: How Far I’ll Go','לין־מנואל מירנדה','Lin-Manuel Miranda',NULL,NULL,NULL,'לין־מנואל מירנדה','Lin-Manuel Miranda',NULL,NULL,NULL,'filmoj',NULL,'[MuseScore](https://musescore.com/user/8659436/scores/3135861)','[MuseScore](https://musescore.com/user/8659436/scores/3135861)',NULL,NULL,NULL,NULL,NULL,NULL,NULL,NULL,NULL,'v (Pythonize)',NULL,NULL,'vv',NULL,NULL,'g','+','e',NULL);
INSERT INTO "muzikaĵoj" VALUES('moana','🌊',NULL,'מואנה: אני מואנה','Moana: Mi estas Moana','Moana: I am Moana','לין־מנואל מירנדה','Lin-Manuel Miranda',NULL,NULL,NULL,'לין־מנואל מירנדה','Lin-Manuel Miranda',NULL,NULL,NULL,'filmoj',NULL,'[MuseScore](https://musescore.com/user/10101111/scores/3921116)','[MuseScore](https://musescore.com/user/10101111/scores/3921116)',NULL,NULL,NULL,NULL,NULL,NULL,NULL,NULL,NULL,NULL,NULL,NULL,'vv',NULL,NULL,'g',NULL,'e',NULL);
INSERT INTO "muzikaĵoj" VALUES('down','🌠',NULL,'הכוכב של מחוז גוש־דן','La stelo de Graflando an Dúin','Star Of The County Down','עממי','{\popola}',NULL,NULL,NULL,'עממי','{\popola}',NULL,NULL,NULL,'popola',NULL,'[The Session](https://thesession.org/tunes/4320)','[The Session](https://thesession.org/tunes/4320)',NULL,NULL,NULL,NULL,NULL,NULL,NULL,NULL,NULL,NULL,NULL,NULL,'vv',NULL,NULL,'bm',NULL,'a','גרסה עברית להקלטות');
INSERT INTO "muzikaĵoj" VALUES('jaldut','🏡',NULL,'ילדות נשכחת','Infanaĝo',NULL,'יהודית רביץ','Judit Ravic',NULL,'https://he.wikipedia.org/wiki/%D7%99%D7%94%D7%95%D7%93%D7%99%D7%AA_%D7%A8%D7%91%D7%99%D7%A5',NULL,'גלעד יעקב','Gil’ad Ja’akov',NULL,'https://he.wikipedia.org/wiki/יעקב_גלעד',NULL,'he',NULL,'בספר „אהבה יומיומית”, מודן, 2002.',NULL,NULL,NULL,NULL,NULL,'[יהודית רביץ ונורית גלרון](https://youtu.be/K-4VhmreVkQ).','[Judit Ravic kaj Nurit Galron](https://youtu.be/K-4VhmreVkQ).',NULL,NULL,NULL,NULL,NULL,NULL,'vv',NULL,NULL,'em','+','g',NULL);
INSERT INTO "muzikaĵoj" VALUES('oiseaux','🐦',NULL,'אילו ציפורים','Se ĉiuj birdoj','Si tous les oiseaux','ז׳אן פייר קלבה','Jean-Pierre Calvet',NULL,NULL,NULL,'ז׳אן ברוסול','Jean Broussolle',NULL,NULL,NULL,'misc',NULL,'[PDF](http://mhc-caluire.fr/musique/partitions/pdf/Si%20tous%20les%20oiseaux.pdf)','[PDF](http://mhc-caluire.fr/musique/partitions/pdf/Si%20tous%20les%20oiseaux.pdf)',NULL,NULL,NULL,NULL,NULL,NULL,NULL,NULL,NULL,NULL,NULL,NULL,'vv',NULL,NULL,'g',NULL,'g',replace(' http://primo.nli.org.il/primo_library/libweb/action/dlDisplay.do?vid=NLI&docId=NNL_MUSIC_AL003704536\n\n השיר "אילו ציפורים" תורגם לעברית על ידי נעמי שמר ונכלל בין שירי התוכנית "הנחלאים באים הנחלאים באים" של להקת הנח"ל משנת 1967. השיר הצרפתי המקורי Si tous les oiseaux הולחן בשנת 1961 על ידי המלחין הצרפתי Jean-Pierre Calvet עבור להקת זמרים ששרה בשנות ה-50 בצרפת בשם les Compagnons de la Chanson. ','\n',char(10)));
INSERT INTO "muzikaĵoj" VALUES('hedwig','⚡',NULL,'הארי פוטר: הנושא של הדוויג','Harry Potter: La temo de Hedwig','Harry Potter: Hedwig’s Theme','ג׳ון וויליאמס','John Williams',NULL,'https://he.wikipedia.org/wiki/%D7%92%27%D7%95%D7%9F_%D7%95%D7%99%D7%9C%D7%99%D7%90%D7%9E%D7%A1_(%D7%9E%D7%9C%D7%97%D7%99%D7%9F)','https://eo.wikipedia.org/wiki/John_Williams_(komponisto)',NULL,NULL,NULL,NULL,NULL,'filmoj',NULL,'[MuseScore](https://musescore.com/user/4973586/scores/1302681)','[MuseScore](https://musescore.com/user/4973586/scores/1302681)',NULL,NULL,NULL,NULL,NULL,NULL,NULL,NULL,NULL,NULL,NULL,NULL,'vv',NULL,NULL,'g','+','a',NULL);
INSERT INTO "muzikaĵoj" VALUES('firsttime-anna','①',NULL,'לשבור את הקרח: סוף כל סוף (החלק של אנה)','Frosta: Finfine (la parto de Anna)','Frozen: For the First Time in Forever (Anna’s part)','קריסטן אנדרסון-לופז ורוברט לופז','Kristen Anderson-Lopez kaj Robert Lopez',NULL,NULL,NULL,'קריסטן אנדרסון-לופז ורוברט לופז','Kristen Anderson-Lopez kaj Robert Lopez',NULL,NULL,NULL,'filmoj',NULL,'[MuseScore](https://musescore.com/user/14430466/scores/3073676)','[MuseScore](https://musescore.com/user/14430466/scores/3073676)',NULL,NULL,NULL,NULL,NULL,NULL,'בשיר ישנם כמה מעברים מסולם אחד למשנהו: אנה שרה את החלק שלה בפעם השניה חצי טון גבוה יותר, ואלזה משנה את הסולם באצמע. בגלל חוסר הגמישות של החלילית האירית לנגן בסולמות שונים, בחרתי לכלול רק את החלק של אנה, פעם אחת.',NULL,NULL,NULL,NULL,NULL,'vv',NULL,NULL,'d',NULL,'b',NULL);
INSERT INTO "muzikaĵoj" VALUES('welcome','🦈',NULL,'מואנה: בכיף שלך','Moana: Ne dankinde','Moana: You’re Welcome','לין־מנואל מירנדה','Lin-Manuel Miranda',NULL,NULL,NULL,'לין־מנואל מירנדה','Lin-Manuel Miranda',NULL,NULL,NULL,'filmoj',NULL,NULL,NULL,NULL,NULL,NULL,NULL,NULL,NULL,NULL,NULL,NULL,NULL,NULL,NULL,'vv',NULL,NULL,'d','+','a',NULL);
INSERT INTO "muzikaĵoj" VALUES('scumm','🍺',NULL,'אי־הקופים: הסקאם־בר','La insulo de la simioj: SCUMM Bar','Monkey Island: SCUMM Bar','מייקל לנד','Michael Land',NULL,NULL,NULL,NULL,NULL,NULL,NULL,NULL,'ludoj',NULL,'[MuseScore](https://musescore.com/francobastacini/scummbartheme)','[MuseScore](https://musescore.com/francobastacini/scummbartheme)',NULL,NULL,NULL,NULL,NULL,NULL,NULL,NULL,NULL,NULL,NULL,NULL,'vv',NULL,NULL,'g','+','e',NULL);
INSERT INTO "muzikaĵoj" VALUES('uminomieru','🐈',NULL,'שירות המשלוחים של קיקי: עיר ליד הים','Eksprespoŝto per Sorĉistino: Urbo apud la maro','\Jap{魔女の宅急便：海の見える町}','ג׳ו היסאישי','Ĝo Hisaiŝi','\Jap{久石譲}','https://he.wikipedia.org/wiki/%D7%92%27%D7%95_%D7%94%D7%99%D7%A1%D7%90%D7%99%D7%A9%D7%99','https://eo.wikipedia.org/wiki/Joe_Hisaishi',NULL,NULL,NULL,NULL,NULL,'filmoj',NULL,'[MuseScore](https://musescore.com/user/4528336/scores/1474116)','[MuseScore](https://musescore.com/user/4528336/scores/1474116)',NULL,NULL,NULL,NULL,NULL,NULL,NULL,NULL,NULL,NULL,NULL,NULL,'vv',NULL,NULL,'bm','+','b','לבדוק אם באמת צריך את התו הראשון בתיבה החמישית; להשוות מול המקור: https://www.youtube.com/watch?v=vD1yAEWpzeQ&list=PL4nuM8tgvWqss-h3f0Ly6cK7uBzL2pCB6&index=3');
INSERT INTO "muzikaĵoj" VALUES('shiny','🦀',NULL,'מואנה: פוזה','Moana: Brila','Moana: Shiny','לין־מנואל מירנדה','Lin-Manuel Miranda',NULL,NULL,NULL,'לין־מנואל מירנדה','Lin-Manuel Miranda',NULL,NULL,NULL,'filmoj',NULL,'[MuseScore](https://musescore.com/user/4170731/scores/3428351)','[MuseScore](https://musescore.com/user/4170731/scores/3428351)',NULL,NULL,NULL,NULL,NULL,NULL,NULL,NULL,NULL,NULL,NULL,NULL,'vv',NULL,NULL,'v','+','e',NULL);
INSERT INTO "muzikaĵoj" VALUES('kukit','🌲',NULL,'אצא לי אל היער','Mi venos al la arbaro',NULL,'עממי','{\popola}',NULL,NULL,NULL,'עממי','{\popola}',NULL,NULL,NULL,'he',NULL,'[הסטודיו לפסנתר](https://www.pianostudio.co.il/אצא-לי-אל-היער/)','[La studio por piano](https://www.pianostudio.co.il/אצא-לי-אל-היער/)',NULL,NULL,NULL,'1772',NULL,NULL,NULL,NULL,NULL,NULL,NULL,NULL,'vv',NULL,NULL,'d',NULL,'d',NULL);
INSERT INTO "muzikaĵoj" VALUES('jalduti','👧',NULL,'ילדותי השניה','Mia dua infanaĝo',NULL,'מתי כספי','Mati Kaspi',NULL,'https://he.wikipedia.org/wiki/%D7%9E%D7%AA%D7%99_%D7%9B%D7%A1%D7%A4%D7%99',NULL,'אהוד מנור','Ehud Manor',NULL,'https://he.wikipedia.org/wiki/%D7%90%D7%94%D7%95%D7%93_%D7%9E%D7%A0%D7%95%D7%A8',NULL,'he',NULL,'[הסטודיו לפסנתר](https://www.pianostudio.co.il/אקום-ילדותי-השניה-017357/)','[La studio por piano](https://www.pianostudio.co.il/אקום-ילדותי-השניה-017357/)',NULL,NULL,NULL,NULL,NULL,NULL,NULL,NULL,NULL,NULL,NULL,NULL,'vv',NULL,NULL,'em','+','a',NULL);
INSERT INTO "muzikaĵoj" VALUES('ievan','∞',NULL,'הפולקה של חוה','Polko de Eva','Ievan Polkka','עממי','{\popola}',NULL,NULL,NULL,'עממי','{\popola}',NULL,NULL,NULL,'popola',NULL,'[לויטומה](https://musescore.com/user/643/scores/853); [האצונה מיקו](https://musescore.com/user/159432/scores/157237).','[Loituma](https://musescore.com/user/643/scores/853); [Hatsune Miku](https://musescore.com/user/159432/scores/157237).',NULL,NULL,NULL,NULL,'[להקת חוטבי־העצים](https://youtu.be/sx1vZJSDNHc) (1952); [לויטומה](https://youtu.be/4om1rQKPijI); [כרישה](https://youtu.be/1wnE4vF9CQ4).','[La Arbohakistoj](https://youtu.be/sx1vZJSDNHc) (1952); [Loituma](https://youtu.be/4om1rQKPijI); [Poreo](https://youtu.be/1wnE4vF9CQ4).',NULL,NULL,NULL,NULL,NULL,NULL,'vv',NULL,NULL,'em',NULL,'e',NULL);
INSERT INTO "muzikaĵoj" VALUES('nyan','🌈🐱',NULL,'ניאן','Njan','Nyan cat',NULL,NULL,NULL,NULL,NULL,NULL,NULL,NULL,NULL,NULL,NULL,NULL,NULL,NULL,NULL,NULL,NULL,NULL,NULL,NULL,NULL,NULL,NULL,NULL,NULL,NULL,'xaccidentals',NULL,NULL,NULL,NULL,NULL,NULL);
INSERT INTO "muzikaĵoj" VALUES('sml','🐢',NULL,'ארץ סופר מריו','La lando de Super Mario','Super Mario Land','הירוקזו טנקה','Hirokazu Tanaka','\Jap{田中宏和}',NULL,NULL,NULL,NULL,NULL,NULL,NULL,'ludoj',NULL,'[MuseScore](https://musescore.com/user/284131/scores/668966).','[MuseScore](https://musescore.com/user/284131/scores/668966).',NULL,NULL,NULL,NULL,'[ארץ סופר מריו ב־12 דקות ו־58 שניות](https://youtu.be/s2cIMRPLgB0).','[Rapida ludado: 12 minutoj kaj 58 sekundoj](https://youtu.be/s2cIMRPLgB0)',NULL,NULL,NULL,NULL,NULL,NULL,'vv',NULL,NULL,'v','+','c''',NULL);
INSERT INTO "muzikaĵoj" VALUES('misty','💰',NULL,'ההוביט: מעבר להרי הערפל הקרים','La Hobito: trans la malvarmaj Nebulaj Montoj','The Hobbit: Far Over the Misty Mountains Cold','הווארד שור','Howard Shore',NULL,'https://he.wikipedia.org/wiki/הווארד_שור',NULL,'ג׳.ר.ר. טולקין','J.R.R. Tolkien',NULL,'https://he.wikipedia.org/wiki/ג''ון_רונלד_רעואל_טולקין','https://eo.wikipedia.org/wiki/John_Ronald_Reuel_Tolkien','filmoj',NULL,'[MuseScore](https://musescore.com/user/156146/scores/1978261).','[MuseScore](https://musescore.com/user/156146/scores/1978261).',NULL,NULL,replace('[«La Hobito» en Esperanto](http://www.evertype.com/books/hobbit-eo.html)\n','\n',char(10)),NULL,'[קטע מהסרט](https://.youtu.be/NRUBe2RTq74); [חלילית אירית](https://youtu.be/bUTvFh9C4zc); [אוקרינה](https://youtu.be/1DHecFcDhbw); [טיי זונדיי](https://youtu.be/D2lEKrEHcGY).','[El la filmo](https://.youtu.be/NRUBe2RTq74); [stanfajfilo](https://youtu.be/bUTvFh9C4zc); [okarino](https://youtu.be/1DHecFcDhbw); [Tay Zonday](https://youtu.be/D2lEKrEHcGY).',NULL,NULL,NULL,NULL,NULL,NULL,'vv',NULL,NULL,'bm',NULL,'fis',NULL);
INSERT INTO "muzikaĵoj" VALUES('zelda','▲',NULL,'האגדה של זלדה','La legendo de Zelda','ゼルダの伝説','קוג׳י קונדו','Kōĝi Kondō','\Jap{近藤浩治}',NULL,NULL,NULL,NULL,NULL,NULL,NULL,'ludoj',NULL,'[MuseScore](http://musescore.com/score/2196121).','[MuseScore](http://musescore.com/score/2196121).',NULL,NULL,NULL,NULL,NULL,NULL,NULL,NULL,NULL,NULL,NULL,NULL,'vv',NULL,NULL,'g','+','bes',NULL);
INSERT INTO "muzikaĵoj" VALUES('past','🐺',NULL,'הארי פוטר: חלון אל העבר','Harry Potter: Fenestro al la estinta','Harry Potter: a Window to the Past','ג׳ון וויליאמס','John Williams',NULL,'https://he.wikipedia.org/wiki/%D7%92%27%D7%95%D7%9F_%D7%95%D7%99%D7%9C%D7%99%D7%90%D7%9E%D7%A1_(%D7%9E%D7%9C%D7%97%D7%99%D7%9F)','https://eo.wikipedia.org/wiki/John_Williams_(komponisto)',NULL,NULL,NULL,NULL,NULL,'filmoj',NULL,'[MuseScore](https://musescore.com/user/1783861/scores/1497541)','[MuseScore](https://musescore.com/user/1783861/scores/1497541)',NULL,NULL,NULL,NULL,'[תזמורת](https://youtu.be/D7pj2NV6MYw); [פסנתר](https://youtu.be/8wKg9Tk6rEk).','[Orkestro](https://youtu.be/D7pj2NV6MYw); [piano](https://youtu.be/8wKg9Tk6rEk).',NULL,NULL,NULL,NULL,NULL,NULL,'vv',NULL,NULL,'v',NULL,'b',NULL);
INSERT INTO "muzikaĵoj" VALUES('šemeš','🌞',NULL,'לעולם בעקבות השמש','Al la suno',NULL,'רוני וייס','Roni Vajis',NULL,'https://he.wikipedia.org/wiki/רוני_וייס',NULL,'אהוד מנור','Ehud Manor',NULL,'https://he.wikipedia.org/wiki/%D7%90%D7%94%D7%95%D7%93_%D7%9E%D7%A0%D7%95%D7%A8',NULL,'he',NULL,NULL,NULL,NULL,NULL,NULL,NULL,'[שרי](https://youtu.be/KqyHue38EDk).','[Ŝeri](https://youtu.be/KqyHue38EDk).',NULL,NULL,NULL,NULL,NULL,NULL,'vv',NULL,NULL,'g','+','g',NULL);
INSERT INTO "muzikaĵoj" VALUES('letitbe','🐞',NULL,'שיהיה','Preterlasu','Let It Be','פול מקרטני','Paul McCartney',NULL,'https://he.wikipedia.org/wiki/פול_מקרטני','https://eo.wikipedia.org/wiki/Paul_McCartney','פול מקרטני','Paul McCartney',NULL,'https://he.wikipedia.org/wiki/פול_מקרטני','https://eo.wikipedia.org/wiki/Paul_McCartney','misc',NULL,NULL,NULL,NULL,'https://he.wikipedia.org/wiki/Let_It_Be_(שיר)',NULL,NULL,'[החיפושיות](https://vimeo.com/79815584/).','[La Beatles](https://vimeo.com/79815584/).',NULL,NULL,NULL,NULL,NULL,NULL,'vv',NULL,NULL,'d',NULL,'b',NULL);
INSERT INTO "muzikaĵoj" VALUES('arrietty','📍',NULL,'הלקחנים','La prenistoj','借りぐらしのアリエッティ','ססיל קוברל','Cécile Corbel',NULL,NULL,NULL,NULL,NULL,NULL,NULL,NULL,'filmoj',NULL,'[MuseScore](https://musescore.com/asukaiwanaga/scores/4217426).','[MuseScore](https://musescore.com/asukaiwanaga/scores/4217426).',NULL,NULL,NULL,NULL,'[ססיל קוברל](https://youtu.be/G7q07dyIsX8).','[Cécile Corbel](https://youtu.be/G7q07dyIsX8).',NULL,NULL,NULL,NULL,NULL,NULL,'vv',NULL,NULL,'v',NULL,'a',NULL);
CREATE VIEW todo AS SELECT *
FROM `muzikaĵoj`
WHERE (`u1` != "v" AND `u1` != "vv" AND `u1` != "x") OR `u1` IS NULL;
COMMIT;
